cell_id	original_barcode	source	role
LLU_B__AAACCTGTCAGCCTAA	AAACCTGTCAGCCTAA	LLU_B	mixture_pool
LLU_B__AAACCTGTCATCGCTC	AAACCTGTCATCGCTC	LLU_B	mixture_pool
LLU_B__AAACGGGCAAGGTTTC	AAACGGGCAAGGTTTC	LLU_B	mixture_pool
LLU_B__AAACGGGCAGTACACT	AAACGGGCAGTACACT	LLU_B	mixture_pool
LLU_B__AAAGATGTCTTCGGTC	AAAGATGTCTTCGGTC	LLU_B	mixture_pool
LLU_B__AAAGCAAAGCGTTCCG	AAAGCAAAGCGTTCCG	LLU_B	reference
LLU_B__AAAGCAACATTGGTAC	AAAGCAACATTGGTAC	LLU_B	reference
LLU_B__AAAGCAATCTAGCACA	AAAGCAATCTAGCACA	LLU_B	mixture_pool
LLU_B__AAAGTAGAGGCAGGTT	AAAGTAGAGGCAGGTT	LLU_B	mixture_pool
LLU_B__AAAGTAGCAAACCTAC	AAAGTAGCAAACCTAC	LLU_B	mixture_pool
LLU_B__AAAGTAGCAAAGGCGT	AAAGTAGCAAAGGCGT	LLU_B	mixture_pool
LLU_B__AAAGTAGGTACCGCTG	AAAGTAGGTACCGCTG	LLU_B	mixture_pool
LLU_B__AAAGTAGGTACGAAAT	AAAGTAGGTACGAAAT	LLU_B	reference
LLU_B__AAAGTAGTCATGTAGC	AAAGTAGTCATGTAGC	LLU_B	reference
LLU_B__AAAGTAGTCCGCGTTT	AAAGTAGTCCGCGTTT	LLU_B	reference
LLU_B__AAATGCCAGAATTGTG	AAATGCCAGAATTGTG	LLU_B	mixture_pool
LLU_B__AAATGCCCAATAGAGT	AAATGCCCAATAGAGT	LLU_B	reference
LLU_B__AACACGTAGAGTGAGA	AACACGTAGAGTGAGA	LLU_B	mixture_pool
LLU_B__AACACGTAGCATGGCA	AACACGTAGCATGGCA	LLU_B	mixture_pool
LLU_B__AACACGTAGGCAGTCA	AACACGTAGGCAGTCA	LLU_B	mixture_pool
LLU_B__AACACGTTCTAACTGG	AACACGTTCTAACTGG	LLU_B	mixture_pool
LLU_B__AACACGTTCTTCTGGC	AACACGTTCTTCTGGC	LLU_B	mixture_pool
LLU_B__AACCATGAGCCACGCT	AACCATGAGCCACGCT	LLU_B	reference
LLU_B__AACCATGGTGCCTGTG	AACCATGGTGCCTGTG	LLU_B	mixture_pool
LLU_B__AACCGCGGTCGCATAT	AACCGCGGTCGCATAT	LLU_B	mixture_pool
LLU_B__AACCGCGTCTTGCAAG	AACCGCGTCTTGCAAG	LLU_B	mixture_pool
LLU_B__AACGTTGAGCATGGCA	AACGTTGAGCATGGCA	LLU_B	reference
LLU_B__AACGTTGCATGGTCTA	AACGTTGCATGGTCTA	LLU_B	mixture_pool
LLU_B__AACGTTGTCAGGCGAA	AACGTTGTCAGGCGAA	LLU_B	reference
LLU_B__AACTCAGAGAAAGTGG	AACTCAGAGAAAGTGG	LLU_B	mixture_pool
LLU_B__AACTCAGAGCCACCTG	AACTCAGAGCCACCTG	LLU_B	reference
LLU_B__AACTCAGCACAACTGT	AACTCAGCACAACTGT	LLU_B	reference
LLU_B__AACTCAGGTCCAAGTT	AACTCAGGTCCAAGTT	LLU_B	mixture_pool
LLU_B__AACTCAGGTGTTCGAT	AACTCAGGTGTTCGAT	LLU_B	reference
LLU_B__AACTCAGGTTCCATGA	AACTCAGGTTCCATGA	LLU_B	reference
LLU_B__AACTCCCCACTGTGTA	AACTCCCCACTGTGTA	LLU_B	reference
LLU_B__AACTCCCCAGTCTTCC	AACTCCCCAGTCTTCC	LLU_B	mixture_pool
LLU_B__AACTCTTAGTTCGCAT	AACTCTTAGTTCGCAT	LLU_B	mixture_pool
LLU_B__AACTCTTCACATAACC	AACTCTTCACATAACC	LLU_B	mixture_pool
LLU_B__AACTCTTCATTCTCAT	AACTCTTCATTCTCAT	LLU_B	mixture_pool
LLU_B__AACTGGTTCTTCAACT	AACTGGTTCTTCAACT	LLU_B	mixture_pool
LLU_B__AACTTTCAGGCTAGGT	AACTTTCAGGCTAGGT	LLU_B	mixture_pool
LLU_B__AACTTTCCAGAGCCAA	AACTTTCCAGAGCCAA	LLU_B	mixture_pool
LLU_B__AACTTTCGTAAACGCG	AACTTTCGTAAACGCG	LLU_B	mixture_pool
LLU_B__AACTTTCGTATGGTTC	AACTTTCGTATGGTTC	LLU_B	mixture_pool
LLU_B__AAGACCTCAGTCACTA	AAGACCTCAGTCACTA	LLU_B	reference
LLU_B__AAGACCTGTAGGCATG	AAGACCTGTAGGCATG	LLU_B	mixture_pool
LLU_B__AAGACCTGTCATGCAT	AAGACCTGTCATGCAT	LLU_B	mixture_pool
LLU_B__AAGCCGCCACTGTCGG	AAGCCGCCACTGTCGG	LLU_B	mixture_pool
LLU_B__AAGCCGCCATGACGGA	AAGCCGCCATGACGGA	LLU_B	mixture_pool
LLU_B__AAGCCGCGTCCGTCAG	AAGCCGCGTCCGTCAG	LLU_B	reference
LLU_B__AAGCCGCTCACGCGGT	AAGCCGCTCACGCGGT	LLU_B	reference
LLU_B__AAGGAGCAGACTACAA	AAGGAGCAGACTACAA	LLU_B	reference
LLU_B__AAGGAGCAGCCGCCTA	AAGGAGCAGCCGCCTA	LLU_B	mixture_pool
LLU_B__AAGGAGCGTCCCTTGT	AAGGAGCGTCCCTTGT	LLU_B	mixture_pool
LLU_B__AAGGAGCGTTTCGCTC	AAGGAGCGTTTCGCTC	LLU_B	reference
LLU_B__AAGGAGCTCTGCCAGG	AAGGAGCTCTGCCAGG	LLU_B	mixture_pool
LLU_B__AAGGTTCAGCAATATG	AAGGTTCAGCAATATG	LLU_B	mixture_pool
LLU_B__AAGGTTCAGGGAAACA	AAGGTTCAGGGAAACA	LLU_B	mixture_pool
LLU_B__AAGTCTGTCAGAGGTG	AAGTCTGTCAGAGGTG	LLU_B	reference
LLU_B__AAGTCTGTCATGTCTT	AAGTCTGTCATGTCTT	LLU_B	mixture_pool
LLU_B__AATCCAGGTGTATGGG	AATCCAGGTGTATGGG	LLU_B	mixture_pool
LLU_B__AATCCAGGTTGGTAAA	AATCCAGGTTGGTAAA	LLU_B	mixture_pool
LLU_B__AATCGGTAGGTAAACT	AATCGGTAGGTAAACT	LLU_B	reference
LLU_B__AATCGGTAGTGATCGG	AATCGGTAGTGATCGG	LLU_B	mixture_pool
LLU_B__AATCGGTGTTCGCGAC	AATCGGTGTTCGCGAC	LLU_B	mixture_pool
LLU_B__ACACCAAAGGAGTAGA	ACACCAAAGGAGTAGA	LLU_B	mixture_pool
LLU_B__ACACCAACACCTCGGA	ACACCAACACCTCGGA	LLU_B	reference
LLU_B__ACACCAACATGGTTGT	ACACCAACATGGTTGT	LLU_B	mixture_pool
LLU_B__ACACCAATCCGTCAAA	ACACCAATCCGTCAAA	LLU_B	mixture_pool
LLU_B__ACACCCTAGGGTTCCC	ACACCCTAGGGTTCCC	LLU_B	mixture_pool
LLU_B__ACACCCTGTAGCGCAA	ACACCCTGTAGCGCAA	LLU_B	mixture_pool
LLU_B__ACACCGGGTCCAGTGC	ACACCGGGTCCAGTGC	LLU_B	reference
LLU_B__ACACCGGTCGCTTGTC	ACACCGGTCGCTTGTC	LLU_B	mixture_pool
LLU_B__ACACTGAGTAGTACCT	ACACTGAGTAGTACCT	LLU_B	mixture_pool
LLU_B__ACACTGATCGGGAGTA	ACACTGATCGGGAGTA	LLU_B	reference
LLU_B__ACAGCCGCAAGCCGCT	ACAGCCGCAAGCCGCT	LLU_B	reference
LLU_B__ACAGCCGGTGCAGGTA	ACAGCCGGTGCAGGTA	LLU_B	mixture_pool
LLU_B__ACAGCCGGTTGGGACA	ACAGCCGGTTGGGACA	LLU_B	mixture_pool
LLU_B__ACAGCCGTCATACGGT	ACAGCCGTCATACGGT	LLU_B	mixture_pool
LLU_B__ACAGCTATCTTCGAGA	ACAGCTATCTTCGAGA	LLU_B	reference
LLU_B__ACATACGAGGGAACGG	ACATACGAGGGAACGG	LLU_B	mixture_pool
LLU_B__ACATACGGTCCCTACT	ACATACGGTCCCTACT	LLU_B	mixture_pool
LLU_B__ACATACGTCCTATGTT	ACATACGTCCTATGTT	LLU_B	mixture_pool
LLU_B__ACATACGTCTTTCCTC	ACATACGTCTTTCCTC	LLU_B	reference
LLU_B__ACATCAGGTAGCACGA	ACATCAGGTAGCACGA	LLU_B	mixture_pool
LLU_B__ACATCAGGTAGCGTAG	ACATCAGGTAGCGTAG	LLU_B	reference
LLU_B__ACATCAGGTAGGCATG	ACATCAGGTAGGCATG	LLU_B	mixture_pool
LLU_B__ACATCAGTCTGAGGGA	ACATCAGTCTGAGGGA	LLU_B	mixture_pool
LLU_B__ACATGGTAGACGACGT	ACATGGTAGACGACGT	LLU_B	mixture_pool
LLU_B__ACATGGTCAATGGAGC	ACATGGTCAATGGAGC	LLU_B	mixture_pool
LLU_B__ACATGGTCACCGCTAG	ACATGGTCACCGCTAG	LLU_B	mixture_pool
LLU_B__ACATGGTGTCTCATCC	ACATGGTGTCTCATCC	LLU_B	mixture_pool
LLU_B__ACATGGTTCTGGTATG	ACATGGTTCTGGTATG	LLU_B	reference
LLU_B__ACCAGTACAATTGCTG	ACCAGTACAATTGCTG	LLU_B	mixture_pool
LLU_B__ACCAGTAGTCCGCTGA	ACCAGTAGTCCGCTGA	LLU_B	mixture_pool
LLU_B__ACCAGTATCACGCATA	ACCAGTATCACGCATA	LLU_B	mixture_pool
LLU_B__ACCCACTAGCTATGCT	ACCCACTAGCTATGCT	LLU_B	mixture_pool
LLU_B__ACCCACTCACCCAGTG	ACCCACTCACCCAGTG	LLU_B	mixture_pool
LLU_B__ACCCACTGTCTACCTC	ACCCACTGTCTACCTC	LLU_B	mixture_pool
LLU_B__ACCCACTGTCTCTCGT	ACCCACTGTCTCTCGT	LLU_B	mixture_pool
LLU_B__ACCCACTGTGAGTATA	ACCCACTGTGAGTATA	LLU_B	mixture_pool
LLU_B__ACCCACTTCGCTAGCG	ACCCACTTCGCTAGCG	LLU_B	reference
LLU_B__ACCGTAACAATGCCAT	ACCGTAACAATGCCAT	LLU_B	mixture_pool
LLU_B__ACCGTAATCTTCCTTC	ACCGTAATCTTCCTTC	LLU_B	reference
LLU_B__ACCTTTAAGCAGGTCA	ACCTTTAAGCAGGTCA	LLU_B	mixture_pool
LLU_B__ACCTTTAAGTGGGATC	ACCTTTAAGTGGGATC	LLU_B	mixture_pool
LLU_B__ACGAGCCAGCTTCGCG	ACGAGCCAGCTTCGCG	LLU_B	mixture_pool
LLU_B__ACGAGCCGTATTAGCC	ACGAGCCGTATTAGCC	LLU_B	reference
LLU_B__ACGAGCCTCAGGCGAA	ACGAGCCTCAGGCGAA	LLU_B	mixture_pool
LLU_B__ACGAGCCTCCAAAGTC	ACGAGCCTCCAAAGTC	LLU_B	reference
LLU_B__ACGAGCCTCTAACTGG	ACGAGCCTCTAACTGG	LLU_B	reference
LLU_B__ACGAGGAAGTTGTCGT	ACGAGGAAGTTGTCGT	LLU_B	mixture_pool
LLU_B__ACGATGTAGTCAAGGC	ACGATGTAGTCAAGGC	LLU_B	mixture_pool
LLU_B__ACGATGTTCACTCTTA	ACGATGTTCACTCTTA	LLU_B	reference
LLU_B__ACGCAGCAGAGTCTGG	ACGCAGCAGAGTCTGG	LLU_B	reference
LLU_B__ACGCAGCGTGCCTTGG	ACGCAGCGTGCCTTGG	LLU_B	mixture_pool
LLU_B__ACGCAGCGTTGCGTTA	ACGCAGCGTTGCGTTA	LLU_B	mixture_pool
LLU_B__ACGCCAGCACATCCGG	ACGCCAGCACATCCGG	LLU_B	mixture_pool
LLU_B__ACGCCAGCACGAAAGC	ACGCCAGCACGAAAGC	LLU_B	mixture_pool
LLU_B__ACGCCAGGTGACGGTA	ACGCCAGGTGACGGTA	LLU_B	mixture_pool
LLU_B__ACGCCAGTCCTGTAGA	ACGCCAGTCCTGTAGA	LLU_B	reference
LLU_B__ACGCCAGTCTCCCTGA	ACGCCAGTCTCCCTGA	LLU_B	reference
LLU_B__ACGCCGAAGCCTCGTG	ACGCCGAAGCCTCGTG	LLU_B	mixture_pool
LLU_B__ACGCCGAAGCTAGCCC	ACGCCGAAGCTAGCCC	LLU_B	reference
LLU_B__ACGCCGACATCCGGGT	ACGCCGACATCCGGGT	LLU_B	mixture_pool
LLU_B__ACGCCGATCGTTTATC	ACGCCGATCGTTTATC	LLU_B	reference
LLU_B__ACGGAGAAGTGAAGTT	ACGGAGAAGTGAAGTT	LLU_B	mixture_pool
LLU_B__ACGGAGAGTCCCTACT	ACGGAGAGTCCCTACT	LLU_B	mixture_pool
LLU_B__ACGGAGAGTGCAACGA	ACGGAGAGTGCAACGA	LLU_B	reference
LLU_B__ACGGCCAAGTGTACTC	ACGGCCAAGTGTACTC	LLU_B	mixture_pool
LLU_B__ACGGCCAGTCAGTGGA	ACGGCCAGTCAGTGGA	LLU_B	mixture_pool
LLU_B__ACGGGCTAGTGGACGT	ACGGGCTAGTGGACGT	LLU_B	mixture_pool
LLU_B__ACGGGTCCAAGCCGTC	ACGGGTCCAAGCCGTC	LLU_B	mixture_pool
LLU_B__ACGGGTCGTCCGAAGA	ACGGGTCGTCCGAAGA	LLU_B	mixture_pool
LLU_B__ACGGGTCTCTTGTTTG	ACGGGTCTCTTGTTTG	LLU_B	reference
LLU_B__ACGTCAACACATGTGT	ACGTCAACACATGTGT	LLU_B	mixture_pool
LLU_B__ACGTCAATCACTATTC	ACGTCAATCACTATTC	LLU_B	mixture_pool
LLU_B__ACGTCAATCGGAGCAA	ACGTCAATCGGAGCAA	LLU_B	mixture_pool
LLU_B__ACTATCTAGTGGACGT	ACTATCTAGTGGACGT	LLU_B	reference
LLU_B__ACTGAACCACAGTCGC	ACTGAACCACAGTCGC	LLU_B	mixture_pool
LLU_B__ACTGAGTAGAGTAATC	ACTGAGTAGAGTAATC	LLU_B	mixture_pool
LLU_B__ACTGAGTAGCCAACAG	ACTGAGTAGCCAACAG	LLU_B	mixture_pool
LLU_B__ACTGAGTTCAAGCCTA	ACTGAGTTCAAGCCTA	LLU_B	mixture_pool
LLU_B__ACTGAGTTCCCAGGTG	ACTGAGTTCCCAGGTG	LLU_B	reference
LLU_B__ACTGATGGTGTAAGTA	ACTGATGGTGTAAGTA	LLU_B	mixture_pool
LLU_B__ACTGATGGTTACGTCA	ACTGATGGTTACGTCA	LLU_B	mixture_pool
LLU_B__ACTGCTCAGAGTGAGA	ACTGCTCAGAGTGAGA	LLU_B	reference
LLU_B__ACTGCTCGTCATTAGC	ACTGCTCGTCATTAGC	LLU_B	reference
LLU_B__ACTGCTCGTTGTGGAG	ACTGCTCGTTGTGGAG	LLU_B	reference
LLU_B__ACTGTCCAGAGTGAGA	ACTGTCCAGAGTGAGA	LLU_B	mixture_pool
LLU_B__ACTTACTAGGCTAGAC	ACTTACTAGGCTAGAC	LLU_B	reference
LLU_B__ACTTACTGTTCGCTAA	ACTTACTGTTCGCTAA	LLU_B	mixture_pool
LLU_B__ACTTACTTCAGTTAGC	ACTTACTTCAGTTAGC	LLU_B	mixture_pool
LLU_B__ACTTGTTAGATCGGGT	ACTTGTTAGATCGGGT	LLU_B	mixture_pool
LLU_B__ACTTGTTAGGATGTAT	ACTTGTTAGGATGTAT	LLU_B	reference
LLU_B__ACTTGTTAGGGCTCTC	ACTTGTTAGGGCTCTC	LLU_B	reference
LLU_B__ACTTGTTCACAAGACG	ACTTGTTCACAAGACG	LLU_B	mixture_pool
LLU_B__ACTTGTTGTAAGTGTA	ACTTGTTGTAAGTGTA	LLU_B	mixture_pool
LLU_B__ACTTGTTGTGCACTTA	ACTTGTTGTGCACTTA	LLU_B	mixture_pool
LLU_B__ACTTTCAAGGAATGGA	ACTTTCAAGGAATGGA	LLU_B	reference
LLU_B__ACTTTCACACAAGTAA	ACTTTCACACAAGTAA	LLU_B	mixture_pool
LLU_B__ACTTTCACACAGACAG	ACTTTCACACAGACAG	LLU_B	mixture_pool
LLU_B__AGAATAGAGAATGTTG	AGAATAGAGAATGTTG	LLU_B	reference
LLU_B__AGAATAGCACAGTCGC	AGAATAGCACAGTCGC	LLU_B	reference
LLU_B__AGAATAGCAGGCGATA	AGAATAGCAGGCGATA	LLU_B	mixture_pool
LLU_B__AGACGTTAGCTAGTCT	AGACGTTAGCTAGTCT	LLU_B	reference
LLU_B__AGACGTTAGTAGCCGA	AGACGTTAGTAGCCGA	LLU_B	reference
LLU_B__AGACGTTAGTGAACGC	AGACGTTAGTGAACGC	LLU_B	mixture_pool
LLU_B__AGACGTTCAGATGGGT	AGACGTTCAGATGGGT	LLU_B	mixture_pool
LLU_B__AGACGTTGTAGCTGCC	AGACGTTGTAGCTGCC	LLU_B	mixture_pool
LLU_B__AGACGTTGTTAAGACA	AGACGTTGTTAAGACA	LLU_B	reference
LLU_B__AGACGTTTCGTAGATC	AGACGTTTCGTAGATC	LLU_B	reference
LLU_B__AGAGCGACACACGCTG	AGAGCGACACACGCTG	LLU_B	mixture_pool
LLU_B__AGAGCGAGTATAGGGC	AGAGCGAGTATAGGGC	LLU_B	mixture_pool
LLU_B__AGAGCGATCACCCGAG	AGAGCGATCACCCGAG	LLU_B	mixture_pool
LLU_B__AGAGCGATCTCCAACC	AGAGCGATCTCCAACC	LLU_B	mixture_pool
LLU_B__AGAGCTTCAAAGCAAT	AGAGCTTCAAAGCAAT	LLU_B	mixture_pool
LLU_B__AGAGCTTTCTCTGAGA	AGAGCTTTCTCTGAGA	LLU_B	mixture_pool
LLU_B__AGAGTGGAGTGAAGTT	AGAGTGGAGTGAAGTT	LLU_B	reference
LLU_B__AGAGTGGCAAAGGCGT	AGAGTGGCAAAGGCGT	LLU_B	mixture_pool
LLU_B__AGAGTGGTCACCACCT	AGAGTGGTCACCACCT	LLU_B	mixture_pool
LLU_B__AGAGTGGTCATGTAGC	AGAGTGGTCATGTAGC	LLU_B	mixture_pool
LLU_B__AGATCTGGTAGGGACT	AGATCTGGTAGGGACT	LLU_B	mixture_pool
LLU_B__AGATCTGTCATACGGT	AGATCTGTCATACGGT	LLU_B	reference
LLU_B__AGATCTGTCTGGTATG	AGATCTGTCTGGTATG	LLU_B	mixture_pool
LLU_B__AGATTGCCAGATCGGA	AGATTGCCAGATCGGA	LLU_B	mixture_pool
LLU_B__AGATTGCCATGGTCTA	AGATTGCCATGGTCTA	LLU_B	mixture_pool
LLU_B__AGATTGCGTCTCTTTA	AGATTGCGTCTCTTTA	LLU_B	reference
LLU_B__AGATTGCGTGCAACTT	AGATTGCGTGCAACTT	LLU_B	mixture_pool
LLU_B__AGCAGCCTCTGCTTGC	AGCAGCCTCTGCTTGC	LLU_B	reference
LLU_B__AGCATACAGTAATCCC	AGCATACAGTAATCCC	LLU_B	mixture_pool
LLU_B__AGCATACGTCAGTGGA	AGCATACGTCAGTGGA	LLU_B	mixture_pool
LLU_B__AGCATACTCAATACCG	AGCATACTCAATACCG	LLU_B	reference
LLU_B__AGCATACTCAGCATGT	AGCATACTCAGCATGT	LLU_B	reference
LLU_B__AGCCTAACACTATCTT	AGCCTAACACTATCTT	LLU_B	mixture_pool
LLU_B__AGCGGTCGTTGGAGGT	AGCGGTCGTTGGAGGT	LLU_B	reference
LLU_B__AGCGTATGTCTCACCT	AGCGTATGTCTCACCT	LLU_B	reference
LLU_B__AGCGTCGCATCCAACA	AGCGTCGCATCCAACA	LLU_B	reference
LLU_B__AGCGTCGGTCTAGCGC	AGCGTCGGTCTAGCGC	LLU_B	mixture_pool
LLU_B__AGCGTCGTCTAACGGT	AGCGTCGTCTAACGGT	LLU_B	reference
LLU_B__AGCTCCTAGCGTTGCC	AGCTCCTAGCGTTGCC	LLU_B	reference
LLU_B__AGCTCCTCAGTCAGCC	AGCTCCTCAGTCAGCC	LLU_B	reference
LLU_B__AGCTCCTCATGTCTCC	AGCTCCTCATGTCTCC	LLU_B	mixture_pool
LLU_B__AGCTCCTGTGAAGGCT	AGCTCCTGTGAAGGCT	LLU_B	mixture_pool
LLU_B__AGCTCCTTCACAATGC	AGCTCCTTCACAATGC	LLU_B	mixture_pool
LLU_B__AGCTCTCAGACTACAA	AGCTCTCAGACTACAA	LLU_B	mixture_pool
LLU_B__AGCTCTCCACATGTGT	AGCTCTCCACATGTGT	LLU_B	mixture_pool
LLU_B__AGCTCTCGTCATTAGC	AGCTCTCGTCATTAGC	LLU_B	mixture_pool
LLU_B__AGCTCTCTCCTTGGTC	AGCTCTCTCCTTGGTC	LLU_B	mixture_pool
LLU_B__AGCTCTCTCGGCCGAT	AGCTCTCTCGGCCGAT	LLU_B	reference
LLU_B__AGCTCTCTCTGGGCCA	AGCTCTCTCTGGGCCA	LLU_B	reference
LLU_B__AGCTTGAGTAAACCTC	AGCTTGAGTAAACCTC	LLU_B	reference
LLU_B__AGCTTGAGTCCGAATT	AGCTTGAGTCCGAATT	LLU_B	reference
LLU_B__AGCTTGATCCTCAACC	AGCTTGATCCTCAACC	LLU_B	mixture_pool
LLU_B__AGGCCACCAATCGGTT	AGGCCACCAATCGGTT	LLU_B	mixture_pool
LLU_B__AGGCCACCACTTCTGC	AGGCCACCACTTCTGC	LLU_B	mixture_pool
LLU_B__AGGCCACTCTTTAGTC	AGGCCACTCTTTAGTC	LLU_B	reference
LLU_B__AGGCCGTCAAAGCAAT	AGGCCGTCAAAGCAAT	LLU_B	mixture_pool
LLU_B__AGGCCGTCAGGGAGAG	AGGCCGTCAGGGAGAG	LLU_B	reference
LLU_B__AGGCCGTTCTACCTGC	AGGCCGTTCTACCTGC	LLU_B	mixture_pool
LLU_B__AGGGAGTAGCCAGGAT	AGGGAGTAGCCAGGAT	LLU_B	mixture_pool
LLU_B__AGGGAGTAGTTCGCAT	AGGGAGTAGTTCGCAT	LLU_B	reference
LLU_B__AGGGAGTGTCAAAGCG	AGGGAGTGTCAAAGCG	LLU_B	mixture_pool
LLU_B__AGGGAGTTCCGGGTGT	AGGGAGTTCCGGGTGT	LLU_B	reference
LLU_B__AGGGAGTTCCTCATTA	AGGGAGTTCCTCATTA	LLU_B	mixture_pool
LLU_B__AGGGAGTTCGTCTGCT	AGGGAGTTCGTCTGCT	LLU_B	mixture_pool
LLU_B__AGGGATGGTGTATGGG	AGGGATGGTGTATGGG	LLU_B	mixture_pool
LLU_B__AGGGATGTCGCGTTTC	AGGGATGTCGCGTTTC	LLU_B	mixture_pool
LLU_B__AGGGTGAAGAGGACGG	AGGGTGAAGAGGACGG	LLU_B	mixture_pool
LLU_B__AGGGTGAAGATCCGAG	AGGGTGAAGATCCGAG	LLU_B	mixture_pool
LLU_B__AGGTCATCAGCTGCTG	AGGTCATCAGCTGCTG	LLU_B	mixture_pool
LLU_B__AGGTCATTCTCGTTTA	AGGTCATTCTCGTTTA	LLU_B	mixture_pool
LLU_B__AGGTCCGCACGCTTTC	AGGTCCGCACGCTTTC	LLU_B	mixture_pool
LLU_B__AGTAGTCCAAGTTAAG	AGTAGTCCAAGTTAAG	LLU_B	reference
LLU_B__AGTAGTCGTCGTCTTC	AGTAGTCGTCGTCTTC	LLU_B	reference
LLU_B__AGTAGTCGTTCAACCA	AGTAGTCGTTCAACCA	LLU_B	reference
LLU_B__AGTCTTTAGACTGGGT	AGTCTTTAGACTGGGT	LLU_B	mixture_pool
LLU_B__AGTCTTTCAGGTCGTC	AGTCTTTCAGGTCGTC	LLU_B	mixture_pool
LLU_B__AGTCTTTCATCAGTCA	AGTCTTTCATCAGTCA	LLU_B	mixture_pool
LLU_B__AGTCTTTGTTGAGGTG	AGTCTTTGTTGAGGTG	LLU_B	mixture_pool
LLU_B__AGTCTTTTCGACCAGC	AGTCTTTTCGACCAGC	LLU_B	mixture_pool
LLU_B__AGTGAGGAGACGCACA	AGTGAGGAGACGCACA	LLU_B	mixture_pool
LLU_B__AGTGAGGAGATGCCTT	AGTGAGGAGATGCCTT	LLU_B	mixture_pool
LLU_B__AGTGAGGGTCTAGAGG	AGTGAGGGTCTAGAGG	LLU_B	mixture_pool
LLU_B__AGTGAGGTCCGAACGC	AGTGAGGTCCGAACGC	LLU_B	reference
LLU_B__AGTGAGGTCTACGAGT	AGTGAGGTCTACGAGT	LLU_B	reference
LLU_B__AGTGGGAAGTGGGCTA	AGTGGGAAGTGGGCTA	LLU_B	mixture_pool
LLU_B__AGTGGGAGTCTTCGTC	AGTGGGAGTCTTCGTC	LLU_B	mixture_pool
LLU_B__AGTGGGATCTCTAAGG	AGTGGGATCTCTAAGG	LLU_B	mixture_pool
LLU_B__AGTGTCAAGATAGGAG	AGTGTCAAGATAGGAG	LLU_B	mixture_pool
LLU_B__AGTTGGTTCCTAGGGC	AGTTGGTTCCTAGGGC	LLU_B	reference
LLU_B__AGTTGGTTCGGCGCTA	AGTTGGTTCGGCGCTA	LLU_B	mixture_pool
LLU_B__ATAACGCAGCGAAGGG	ATAACGCAGCGAAGGG	LLU_B	reference
LLU_B__ATAAGAGAGAGGTAGA	ATAAGAGAGAGGTAGA	LLU_B	mixture_pool
LLU_B__ATAAGAGAGATCCCAT	ATAAGAGAGATCCCAT	LLU_B	mixture_pool
LLU_B__ATAAGAGAGCCACGTC	ATAAGAGAGCCACGTC	LLU_B	mixture_pool
LLU_B__ATAAGAGAGGGAAACA	ATAAGAGAGGGAAACA	LLU_B	mixture_pool
LLU_B__ATAAGAGCATCAGTAC	ATAAGAGCATCAGTAC	LLU_B	mixture_pool
LLU_B__ATAAGAGGTACTCAAC	ATAAGAGGTACTCAAC	LLU_B	mixture_pool
LLU_B__ATAAGAGGTAGCTTGT	ATAAGAGGTAGCTTGT	LLU_B	mixture_pool
LLU_B__ATAAGAGTCTCTAAGG	ATAAGAGTCTCTAAGG	LLU_B	mixture_pool
LLU_B__ATAGACCAGTACCGGA	ATAGACCAGTACCGGA	LLU_B	reference
LLU_B__ATAGACCGTACCTACA	ATAGACCGTACCTACA	LLU_B	reference
LLU_B__ATAGACCTCAGCTGGC	ATAGACCTCAGCTGGC	LLU_B	mixture_pool
LLU_B__ATCACGAAGTGTGAAT	ATCACGAAGTGTGAAT	LLU_B	mixture_pool
LLU_B__ATCACGATCGCTGATA	ATCACGATCGCTGATA	LLU_B	mixture_pool
LLU_B__ATCATCTAGGGAAACA	ATCATCTAGGGAAACA	LLU_B	reference
LLU_B__ATCATCTGTCCATGAT	ATCATCTGTCCATGAT	LLU_B	mixture_pool
LLU_B__ATCATCTTCCTTTACA	ATCATCTTCCTTTACA	LLU_B	reference
LLU_B__ATCATGGCAATACGCT	ATCATGGCAATACGCT	LLU_B	mixture_pool
LLU_B__ATCATGGGTCCTAGCG	ATCATGGGTCCTAGCG	LLU_B	reference
LLU_B__ATCCACCCAGCGATCC	ATCCACCCAGCGATCC	LLU_B	mixture_pool
LLU_B__ATCCACCGTCTCTCGT	ATCCACCGTCTCTCGT	LLU_B	mixture_pool
LLU_B__ATCCACCGTGTTAAGA	ATCCACCGTGTTAAGA	LLU_B	mixture_pool
LLU_B__ATCGAGTAGACTTTCG	ATCGAGTAGACTTTCG	LLU_B	mixture_pool
LLU_B__ATCGAGTAGTGTACCT	ATCGAGTAGTGTACCT	LLU_B	mixture_pool
LLU_B__ATCGAGTTCCGATATG	ATCGAGTTCCGATATG	LLU_B	reference
LLU_B__ATCGAGTTCTCATTCA	ATCGAGTTCTCATTCA	LLU_B	mixture_pool
LLU_B__ATCTACTCAAGCGATG	ATCTACTCAAGCGATG	LLU_B	mixture_pool
LLU_B__ATCTACTCAGCTGTTA	ATCTACTCAGCTGTTA	LLU_B	reference
LLU_B__ATCTGCCCACAGACTT	ATCTGCCCACAGACTT	LLU_B	mixture_pool
LLU_B__ATCTGCCCATACTACG	ATCTGCCCATACTACG	LLU_B	mixture_pool
LLU_B__ATCTGCCCATGTAGTC	ATCTGCCCATGTAGTC	LLU_B	mixture_pool
LLU_B__ATCTGCCGTCAGATAA	ATCTGCCGTCAGATAA	LLU_B	mixture_pool
LLU_B__ATGAGGGAGAGTTGGC	ATGAGGGAGAGTTGGC	LLU_B	mixture_pool
LLU_B__ATGAGGGAGTACACCT	ATGAGGGAGTACACCT	LLU_B	reference
LLU_B__ATGCGATGTATAGTAG	ATGCGATGTATAGTAG	LLU_B	mixture_pool
LLU_B__ATGCGATGTCGAACAG	ATGCGATGTCGAACAG	LLU_B	mixture_pool
LLU_B__ATGCGATGTCTTCGTC	ATGCGATGTCTTCGTC	LLU_B	mixture_pool
LLU_B__ATGGGAGAGTTGCAGG	ATGGGAGAGTTGCAGG	LLU_B	mixture_pool
LLU_B__ATGGGAGCATTGTGCA	ATGGGAGCATTGTGCA	LLU_B	mixture_pool
LLU_B__ATGTGTGAGGTTACCT	ATGTGTGAGGTTACCT	LLU_B	mixture_pool
LLU_B__ATGTGTGCACCGATAT	ATGTGTGCACCGATAT	LLU_B	mixture_pool
LLU_B__ATTACTCAGACCACGA	ATTACTCAGACCACGA	LLU_B	mixture_pool
LLU_B__ATTATCCCACGAGAGT	ATTATCCCACGAGAGT	LLU_B	mixture_pool
LLU_B__ATTATCCGTCTCCACT	ATTATCCGTCTCCACT	LLU_B	mixture_pool
LLU_B__ATTATCCTCGCTTGTC	ATTATCCTCGCTTGTC	LLU_B	reference
LLU_B__ATTCTACCAAAGAATC	ATTCTACCAAAGAATC	LLU_B	mixture_pool
LLU_B__ATTCTACGTACAAGTA	ATTCTACGTACAAGTA	LLU_B	mixture_pool
LLU_B__ATTCTACGTCCAGTTA	ATTCTACGTCCAGTTA	LLU_B	reference
LLU_B__ATTCTACTCTGAGTGT	ATTCTACTCTGAGTGT	LLU_B	reference
LLU_B__ATTCTACTCTGCTTGC	ATTCTACTCTGCTTGC	LLU_B	mixture_pool
LLU_B__ATTGGACAGCGTAATA	ATTGGACAGCGTAATA	LLU_B	mixture_pool
LLU_B__ATTGGACAGGAGTTTA	ATTGGACAGGAGTTTA	LLU_B	mixture_pool
LLU_B__ATTGGACGTAATAGCA	ATTGGACGTAATAGCA	LLU_B	reference
LLU_B__ATTGGACGTGCACTTA	ATTGGACGTGCACTTA	LLU_B	mixture_pool
LLU_B__ATTGGACGTGTGAATA	ATTGGACGTGTGAATA	LLU_B	mixture_pool
LLU_B__ATTGGACGTTGTGGCC	ATTGGACGTTGTGGCC	LLU_B	mixture_pool
LLU_B__ATTGGTGAGAACAACT	ATTGGTGAGAACAACT	LLU_B	mixture_pool
LLU_B__ATTGGTGAGTGTTGAA	ATTGGTGAGTGTTGAA	LLU_B	reference
LLU_B__ATTGGTGAGTTGTCGT	ATTGGTGAGTTGTCGT	LLU_B	reference
LLU_B__ATTGGTGCACGAAACG	ATTGGTGCACGAAACG	LLU_B	mixture_pool
LLU_B__ATTGGTGCATGCATGT	ATTGGTGCATGCATGT	LLU_B	mixture_pool
LLU_B__ATTGGTGTCATCATTC	ATTGGTGTCATCATTC	LLU_B	mixture_pool
LLU_B__ATTGGTGTCTTAGAGC	ATTGGTGTCTTAGAGC	LLU_B	mixture_pool
LLU_B__ATTTCTGAGCAGCGTA	ATTTCTGAGCAGCGTA	LLU_B	mixture_pool
LLU_B__ATTTCTGCAAACCTAC	ATTTCTGCAAACCTAC	LLU_B	reference
LLU_B__ATTTCTGCATCCTTGC	ATTTCTGCATCCTTGC	LLU_B	reference
LLU_B__ATTTCTGGTTGTGGAG	ATTTCTGGTTGTGGAG	LLU_B	mixture_pool
LLU_B__CAACCAACATCCGTGG	CAACCAACATCCGTGG	LLU_B	mixture_pool
LLU_B__CAACCAAGTCGGCACT	CAACCAAGTCGGCACT	LLU_B	mixture_pool
LLU_B__CAACCAATCGGAAACG	CAACCAATCGGAAACG	LLU_B	mixture_pool
LLU_B__CAACCAATCGTTTGCC	CAACCAATCGTTTGCC	LLU_B	mixture_pool
LLU_B__CAACCAATCTTGAGAC	CAACCAATCTTGAGAC	LLU_B	mixture_pool
LLU_B__CAACCTCAGTGTACCT	CAACCTCAGTGTACCT	LLU_B	reference
LLU_B__CAACCTCCACTTCTGC	CAACCTCCACTTCTGC	LLU_B	reference
LLU_B__CAACCTCCATGGTCAT	CAACCTCCATGGTCAT	LLU_B	mixture_pool
LLU_B__CAACCTCGTTCTCATT	CAACCTCGTTCTCATT	LLU_B	mixture_pool
LLU_B__CAAGAAAGTAGCGCAA	CAAGAAAGTAGCGCAA	LLU_B	reference
LLU_B__CAAGATCCACGTGAGA	CAAGATCCACGTGAGA	LLU_B	reference
LLU_B__CAAGATCGTCGGCATC	CAAGATCGTCGGCATC	LLU_B	mixture_pool
LLU_B__CAAGATCGTTCTGAAC	CAAGATCGTTCTGAAC	LLU_B	reference
LLU_B__CAAGATCTCCAGTATG	CAAGATCTCCAGTATG	LLU_B	mixture_pool
LLU_B__CAAGGCCAGACGACGT	CAAGGCCAGACGACGT	LLU_B	mixture_pool
LLU_B__CAAGGCCAGGCATTGG	CAAGGCCAGGCATTGG	LLU_B	mixture_pool
LLU_B__CAAGGCCCATATGCTG	CAAGGCCCATATGCTG	LLU_B	mixture_pool
LLU_B__CAAGGCCGTCATGCAT	CAAGGCCGTCATGCAT	LLU_B	reference
LLU_B__CAAGGCCGTCGCGGTT	CAAGGCCGTCGCGGTT	LLU_B	reference
LLU_B__CAAGGCCGTGGTGTAG	CAAGGCCGTGGTGTAG	LLU_B	mixture_pool
LLU_B__CAAGGCCTCACTTATC	CAAGGCCTCACTTATC	LLU_B	mixture_pool
LLU_B__CAAGTTGAGGGAAACA	CAAGTTGAGGGAAACA	LLU_B	mixture_pool
LLU_B__CAAGTTGCATCACAAC	CAAGTTGCATCACAAC	LLU_B	mixture_pool
LLU_B__CAAGTTGGTCCGAAGA	CAAGTTGGTCCGAAGA	LLU_B	mixture_pool
LLU_B__CACAAACAGACTAGAT	CACAAACAGACTAGAT	LLU_B	reference
LLU_B__CACAAACCAAGCCATT	CACAAACCAAGCCATT	LLU_B	mixture_pool
LLU_B__CACAAACCAATGACCT	CACAAACCAATGACCT	LLU_B	mixture_pool
LLU_B__CACAAACCACATGTGT	CACAAACCACATGTGT	LLU_B	mixture_pool
LLU_B__CACAAACCAGATGGGT	CACAAACCAGATGGGT	LLU_B	mixture_pool
LLU_B__CACAAACTCCGAATGT	CACAAACTCCGAATGT	LLU_B	mixture_pool
LLU_B__CACACAAAGACACGAC	CACACAAAGACACGAC	LLU_B	mixture_pool
LLU_B__CACACAAAGAGTACCG	CACACAAAGAGTACCG	LLU_B	mixture_pool
LLU_B__CACACAAAGTACGACG	CACACAAAGTACGACG	LLU_B	mixture_pool
LLU_B__CACACAAAGTCAATAG	CACACAAAGTCAATAG	LLU_B	mixture_pool
LLU_B__CACACAACAATGGACG	CACACAACAATGGACG	LLU_B	reference
LLU_B__CACACAATCTGCTGTC	CACACAATCTGCTGTC	LLU_B	mixture_pool
LLU_B__CACACCTGTATGAATG	CACACCTGTATGAATG	LLU_B	mixture_pool
LLU_B__CACACCTGTCGATTGT	CACACCTGTCGATTGT	LLU_B	reference
LLU_B__CACACCTTCGTAGATC	CACACCTTCGTAGATC	LLU_B	mixture_pool
LLU_B__CACACTCCACATAACC	CACACTCCACATAACC	LLU_B	mixture_pool
LLU_B__CACACTCCAGTCCTTC	CACACTCCAGTCCTTC	LLU_B	mixture_pool
LLU_B__CACAGGCGTCGCTTCT	CACAGGCGTCGCTTCT	LLU_B	mixture_pool
LLU_B__CACAGTAAGCTAACTC	CACAGTAAGCTAACTC	LLU_B	mixture_pool
LLU_B__CACAGTAAGCTAGTGG	CACAGTAAGCTAGTGG	LLU_B	reference
LLU_B__CACAGTAAGGACAGCT	CACAGTAAGGACAGCT	LLU_B	reference
LLU_B__CACAGTACAGATTGCT	CACAGTACAGATTGCT	LLU_B	mixture_pool
LLU_B__CACAGTATCGTACCGG	CACAGTATCGTACCGG	LLU_B	mixture_pool
LLU_B__CACATAGAGAATAGGG	CACATAGAGAATAGGG	LLU_B	mixture_pool
LLU_B__CACATAGGTGGTGTAG	CACATAGGTGGTGTAG	LLU_B	mixture_pool
LLU_B__CACATTTGTAGTGAAT	CACATTTGTAGTGAAT	LLU_B	reference
LLU_B__CACATTTGTCCGAGTC	CACATTTGTCCGAGTC	LLU_B	mixture_pool
LLU_B__CACATTTGTTAAGAAC	CACATTTGTTAAGAAC	LLU_B	reference
LLU_B__CACCACTAGTTGAGTA	CACCACTAGTTGAGTA	LLU_B	mixture_pool
LLU_B__CACCACTGTCTTTCAT	CACCACTGTCTTTCAT	LLU_B	mixture_pool
LLU_B__CACCAGGCACAACTGT	CACCAGGCACAACTGT	LLU_B	mixture_pool
LLU_B__CACCAGGTCCCTAATT	CACCAGGTCCCTAATT	LLU_B	mixture_pool
LLU_B__CACCAGGTCTGGCGAC	CACCAGGTCTGGCGAC	LLU_B	mixture_pool
LLU_B__CACCTTGCATTTCAGG	CACCTTGCATTTCAGG	LLU_B	mixture_pool
LLU_B__CACCTTGGTACCGAGA	CACCTTGGTACCGAGA	LLU_B	mixture_pool
LLU_B__CACCTTGTCGGATGTT	CACCTTGTCGGATGTT	LLU_B	mixture_pool
LLU_B__CACTCCAAGAAACCAT	CACTCCAAGAAACCAT	LLU_B	mixture_pool
LLU_B__CACTCCATCTACGAGT	CACTCCATCTACGAGT	LLU_B	mixture_pool
LLU_B__CAGAATCAGAGATGAG	CAGAATCAGAGATGAG	LLU_B	mixture_pool
LLU_B__CAGAATCAGATCCCGC	CAGAATCAGATCCCGC	LLU_B	reference
LLU_B__CAGAATCGTGCTCTTC	CAGAATCGTGCTCTTC	LLU_B	mixture_pool
LLU_B__CAGAATCTCGGGAGTA	CAGAATCTCGGGAGTA	LLU_B	reference
LLU_B__CAGAGAGCATAGAAAC	CAGAGAGCATAGAAAC	LLU_B	mixture_pool
LLU_B__CAGAGAGCATTACCTT	CAGAGAGCATTACCTT	LLU_B	mixture_pool
LLU_B__CAGATCAAGGTTCCTA	CAGATCAAGGTTCCTA	LLU_B	mixture_pool
LLU_B__CAGATCAGTCTTCTCG	CAGATCAGTCTTCTCG	LLU_B	mixture_pool
LLU_B__CAGCAGCAGTTCGATC	CAGCAGCAGTTCGATC	LLU_B	mixture_pool
LLU_B__CAGCATAAGCCCAACC	CAGCATAAGCCCAACC	LLU_B	mixture_pool
LLU_B__CAGCATAAGTGTACCT	CAGCATAAGTGTACCT	LLU_B	mixture_pool
LLU_B__CAGCATACACATAACC	CAGCATACACATAACC	LLU_B	reference
LLU_B__CAGCATACATTGTGCA	CAGCATACATTGTGCA	LLU_B	mixture_pool
LLU_B__CAGCCGATCGCCCTTA	CAGCCGATCGCCCTTA	LLU_B	mixture_pool
LLU_B__CAGCGACCAGGAATGC	CAGCGACCAGGAATGC	LLU_B	mixture_pool
LLU_B__CAGCGACGTAAGTTCC	CAGCGACGTAAGTTCC	LLU_B	reference
LLU_B__CAGCGACGTATATCCG	CAGCGACGTATATCCG	LLU_B	mixture_pool
LLU_B__CAGCGACGTGGCCCTA	CAGCGACGTGGCCCTA	LLU_B	mixture_pool
LLU_B__CAGCGACTCTGTCCGT	CAGCGACTCTGTCCGT	LLU_B	mixture_pool
LLU_B__CAGCTAAAGTGTGGCA	CAGCTAAAGTGTGGCA	LLU_B	mixture_pool
LLU_B__CAGCTAACATGCAACT	CAGCTAACATGCAACT	LLU_B	mixture_pool
LLU_B__CAGCTAAGTCGCGTGT	CAGCTAAGTCGCGTGT	LLU_B	reference
LLU_B__CAGCTGGCAATGGTCT	CAGCTGGCAATGGTCT	LLU_B	reference
LLU_B__CAGCTGGTCGCCCTTA	CAGCTGGTCGCCCTTA	LLU_B	mixture_pool
LLU_B__CAGGTGCCAATCTACG	CAGGTGCCAATCTACG	LLU_B	reference
LLU_B__CAGGTGCGTCATCGGC	CAGGTGCGTCATCGGC	LLU_B	reference
LLU_B__CAGGTGCTCTATCCTA	CAGGTGCTCTATCCTA	LLU_B	mixture_pool
LLU_B__CAGTAACCAGCATGAG	CAGTAACCAGCATGAG	LLU_B	mixture_pool
LLU_B__CAGTAACCATCCTTGC	CAGTAACCATCCTTGC	LLU_B	mixture_pool
LLU_B__CAGTAACTCCACGAAT	CAGTAACTCCACGAAT	LLU_B	mixture_pool
LLU_B__CATATGGAGCTCCTCT	CATATGGAGCTCCTCT	LLU_B	mixture_pool
LLU_B__CATATGGAGGCGTACA	CATATGGAGGCGTACA	LLU_B	mixture_pool
LLU_B__CATATGGGTCTGCAAT	CATATGGGTCTGCAAT	LLU_B	reference
LLU_B__CATATGGGTCTTGATG	CATATGGGTCTTGATG	LLU_B	mixture_pool
LLU_B__CATATGGGTTTAGGAA	CATATGGGTTTAGGAA	LLU_B	mixture_pool
LLU_B__CATATGGTCGAGCCCA	CATATGGTCGAGCCCA	LLU_B	mixture_pool
LLU_B__CATATTCAGTGTGGCA	CATATTCAGTGTGGCA	LLU_B	mixture_pool
LLU_B__CATATTCCACCTTGTC	CATATTCCACCTTGTC	LLU_B	reference
LLU_B__CATATTCCAGATCCAT	CATATTCCAGATCCAT	LLU_B	mixture_pool
LLU_B__CATATTCGTCGCATCG	CATATTCGTCGCATCG	LLU_B	mixture_pool
LLU_B__CATATTCGTCTTTCAT	CATATTCGTCTTTCAT	LLU_B	reference
LLU_B__CATATTCGTTACCAGT	CATATTCGTTACCAGT	LLU_B	reference
LLU_B__CATCAAGAGAGATGAG	CATCAAGAGAGATGAG	LLU_B	reference
LLU_B__CATCAAGGTATAGGGC	CATCAAGGTATAGGGC	LLU_B	reference
LLU_B__CATCAAGTCGTGGGAA	CATCAAGTCGTGGGAA	LLU_B	mixture_pool
LLU_B__CATCAGACAGTCAGCC	CATCAGACAGTCAGCC	LLU_B	mixture_pool
LLU_B__CATCAGAGTCGAAAGC	CATCAGAGTCGAAAGC	LLU_B	mixture_pool
LLU_B__CATCAGAGTCGCGGTT	CATCAGAGTCGCGGTT	LLU_B	mixture_pool
LLU_B__CATCCACGTAGCGTAG	CATCCACGTAGCGTAG	LLU_B	mixture_pool
LLU_B__CATCCACGTGTGGTTT	CATCCACGTGTGGTTT	LLU_B	reference
LLU_B__CATCGAACAGATCGGA	CATCGAACAGATCGGA	LLU_B	mixture_pool
LLU_B__CATCGAATCTAACTTC	CATCGAATCTAACTTC	LLU_B	mixture_pool
LLU_B__CATCGGGAGCTCTCGG	CATCGGGAGCTCTCGG	LLU_B	mixture_pool
LLU_B__CATCGGGCAGCCTATA	CATCGGGCAGCCTATA	LLU_B	mixture_pool
LLU_B__CATCGGGGTCTAGTCA	CATCGGGGTCTAGTCA	LLU_B	mixture_pool
LLU_B__CATCGGGTCAAGGTAA	CATCGGGTCAAGGTAA	LLU_B	mixture_pool
LLU_B__CATCGGGTCATCGATG	CATCGGGTCATCGATG	LLU_B	reference
LLU_B__CATGACAAGGCTACGA	CATGACAAGGCTACGA	LLU_B	mixture_pool
LLU_B__CATGGCGCAGCTGTTA	CATGGCGCAGCTGTTA	LLU_B	mixture_pool
LLU_B__CATGGCGGTCAAGCGA	CATGGCGGTCAAGCGA	LLU_B	reference
LLU_B__CATGGCGTCTTGTCAT	CATGGCGTCTTGTCAT	LLU_B	reference
LLU_B__CATTATCCAAACCTAC	CATTATCCAAACCTAC	LLU_B	reference
LLU_B__CATTATCCATTAGCCA	CATTATCCATTAGCCA	LLU_B	reference
LLU_B__CATTCGCAGAATTGTG	CATTCGCAGAATTGTG	LLU_B	mixture_pool
LLU_B__CATTCGCAGTCCAGGA	CATTCGCAGTCCAGGA	LLU_B	mixture_pool
LLU_B__CATTCGCCAATCAGAA	CATTCGCCAATCAGAA	LLU_B	mixture_pool
LLU_B__CATTCGCCAGCTCGAC	CATTCGCCAGCTCGAC	LLU_B	reference
LLU_B__CATTCGCGTTCGGGCT	CATTCGCGTTCGGGCT	LLU_B	mixture_pool
LLU_B__CATTCGCTCGTCGTTC	CATTCGCTCGTCGTTC	LLU_B	reference
LLU_B__CCACCTACACGCATCG	CCACCTACACGCATCG	LLU_B	mixture_pool
LLU_B__CCACCTATCGGCGCTA	CCACCTATCGGCGCTA	LLU_B	mixture_pool
LLU_B__CCACGGACAACCGCCA	CCACGGACAACCGCCA	LLU_B	mixture_pool
LLU_B__CCACGGAGTAGCGTAG	CCACGGAGTAGCGTAG	LLU_B	mixture_pool
LLU_B__CCACGGATCTCAACTT	CCACGGATCTCAACTT	LLU_B	mixture_pool
LLU_B__CCACTACAGTTAGCGG	CCACTACAGTTAGCGG	LLU_B	mixture_pool
LLU_B__CCAGCGAAGAGCCTAG	CCAGCGAAGAGCCTAG	LLU_B	mixture_pool
LLU_B__CCATGTCCATAGGATA	CCATGTCCATAGGATA	LLU_B	reference
LLU_B__CCATTCGAGCTACCGC	CCATTCGAGCTACCGC	LLU_B	mixture_pool
LLU_B__CCATTCGAGCTGTTCA	CCATTCGAGCTGTTCA	LLU_B	mixture_pool
LLU_B__CCATTCGGTACCGTTA	CCATTCGGTACCGTTA	LLU_B	mixture_pool
LLU_B__CCCAATCCACATTCGA	CCCAATCCACATTCGA	LLU_B	reference
LLU_B__CCCAATCGTAGTACCT	CCCAATCGTAGTACCT	LLU_B	mixture_pool
LLU_B__CCCAATCTCACATAGC	CCCAATCTCACATAGC	LLU_B	mixture_pool
LLU_B__CCCAATCTCAGAAATG	CCCAATCTCAGAAATG	LLU_B	reference
LLU_B__CCCAATCTCGCACTCT	CCCAATCTCGCACTCT	LLU_B	reference
LLU_B__CCCATACAGCGATGAC	CCCATACAGCGATGAC	LLU_B	mixture_pool
LLU_B__CCCATACAGGCTCATT	CCCATACAGGCTCATT	LLU_B	mixture_pool
LLU_B__CCCATACAGTGAACGC	CCCATACAGTGAACGC	LLU_B	mixture_pool
LLU_B__CCCATACCAAACAACA	CCCATACCAAACAACA	LLU_B	mixture_pool
LLU_B__CCCATACCAAGTCATC	CCCATACCAAGTCATC	LLU_B	mixture_pool
LLU_B__CCCATACCATACGCCG	CCCATACCATACGCCG	LLU_B	mixture_pool
LLU_B__CCCATACCATCGATTG	CCCATACCATCGATTG	LLU_B	mixture_pool
LLU_B__CCCTCCTAGATGTTAG	CCCTCCTAGATGTTAG	LLU_B	mixture_pool
LLU_B__CCCTCCTGTGTTCTTT	CCCTCCTGTGTTCTTT	LLU_B	mixture_pool
LLU_B__CCGGGATAGTACTTGC	CCGGGATAGTACTTGC	LLU_B	mixture_pool
LLU_B__CCGGGATAGTGCAAGC	CCGGGATAGTGCAAGC	LLU_B	reference
LLU_B__CCGGTAGGTCGGGTCT	CCGGTAGGTCGGGTCT	LLU_B	mixture_pool
LLU_B__CCGTACTCACAACGTT	CCGTACTCACAACGTT	LLU_B	reference
LLU_B__CCGTGGACAGCTGTAT	CCGTGGACAGCTGTAT	LLU_B	reference
LLU_B__CCGTGGATCACAGTAC	CCGTGGATCACAGTAC	LLU_B	mixture_pool
LLU_B__CCGTTCACAACACCCG	CCGTTCACAACACCCG	LLU_B	mixture_pool
LLU_B__CCTAAAGAGAGCTGCA	CCTAAAGAGAGCTGCA	LLU_B	mixture_pool
LLU_B__CCTAAAGAGGAGCGTT	CCTAAAGAGGAGCGTT	LLU_B	mixture_pool
LLU_B__CCTAAAGGTGGTCTCG	CCTAAAGGTGGTCTCG	LLU_B	mixture_pool
LLU_B__CCTACACCATAGACTC	CCTACACCATAGACTC	LLU_B	reference
LLU_B__CCTATTAAGCCACGTC	CCTATTAAGCCACGTC	LLU_B	reference
LLU_B__CCTATTAAGGCTATCT	CCTATTAAGGCTATCT	LLU_B	mixture_pool
LLU_B__CCTATTAAGTACGACG	CCTATTAAGTACGACG	LLU_B	mixture_pool
LLU_B__CCTATTAAGTTCGATC	CCTATTAAGTTCGATC	LLU_B	mixture_pool
LLU_B__CCTATTAGTCTGCAAT	CCTATTAGTCTGCAAT	LLU_B	reference
LLU_B__CCTATTATCCCTAATT	CCTATTATCCCTAATT	LLU_B	mixture_pool
LLU_B__CCTATTATCGTGGTCG	CCTATTATCGTGGTCG	LLU_B	mixture_pool
LLU_B__CCTCAGTCAATCGAAA	CCTCAGTCAATCGAAA	LLU_B	reference
LLU_B__CCTCAGTCATTGCGGC	CCTCAGTCATTGCGGC	LLU_B	mixture_pool
LLU_B__CCTCAGTGTAGATTAG	CCTCAGTGTAGATTAG	LLU_B	reference
LLU_B__CCTCTGAAGGATTCGG	CCTCTGAAGGATTCGG	LLU_B	mixture_pool
LLU_B__CCTCTGAGTCCAGTTA	CCTCTGAGTCCAGTTA	LLU_B	reference
LLU_B__CCTCTGAGTCCCTACT	CCTCTGAGTCCCTACT	LLU_B	reference
LLU_B__CCTCTGATCGCTTAGA	CCTCTGATCGCTTAGA	LLU_B	mixture_pool
LLU_B__CCTCTGATCGTTTGCC	CCTCTGATCGTTTGCC	LLU_B	reference
LLU_B__CCTTACGAGGAATTAC	CCTTACGAGGAATTAC	LLU_B	reference
LLU_B__CCTTACGAGTGGGTTG	CCTTACGAGTGGGTTG	LLU_B	mixture_pool
LLU_B__CCTTACGTCACTCTTA	CCTTACGTCACTCTTA	LLU_B	mixture_pool
LLU_B__CCTTACGTCACTTATC	CCTTACGTCACTTATC	LLU_B	reference
LLU_B__CCTTACGTCTCAACTT	CCTTACGTCTCAACTT	LLU_B	mixture_pool
LLU_B__CCTTCCCCACAGACTT	CCTTCCCCACAGACTT	LLU_B	mixture_pool
LLU_B__CCTTCCCGTACAGACG	CCTTCCCGTACAGACG	LLU_B	mixture_pool
LLU_B__CCTTCGAAGCTTCGCG	CCTTCGAAGCTTCGCG	LLU_B	mixture_pool
LLU_B__CCTTCGACATGGGAAC	CCTTCGACATGGGAAC	LLU_B	mixture_pool
LLU_B__CCTTCGACATGTCGAT	CCTTCGACATGTCGAT	LLU_B	reference
LLU_B__CCTTTCTAGAGCTTCT	CCTTTCTAGAGCTTCT	LLU_B	reference
LLU_B__CCTTTCTGTGACGCCT	CCTTTCTGTGACGCCT	LLU_B	mixture_pool
LLU_B__CCTTTCTTCCGCGTTT	CCTTTCTTCCGCGTTT	LLU_B	reference
LLU_B__CGAACATAGCCAGTTT	CGAACATAGCCAGTTT	LLU_B	mixture_pool
LLU_B__CGAACATAGCGTGTCC	CGAACATAGCGTGTCC	LLU_B	mixture_pool
LLU_B__CGAACATCATACGCCG	CGAACATCATACGCCG	LLU_B	mixture_pool
LLU_B__CGAATGTAGCAATCTC	CGAATGTAGCAATCTC	LLU_B	mixture_pool
LLU_B__CGAATGTAGCCAGAAC	CGAATGTAGCCAGAAC	LLU_B	reference
LLU_B__CGAATGTGTCCAGTGC	CGAATGTGTCCAGTGC	LLU_B	reference
LLU_B__CGACCTTGTCTAGGTT	CGACCTTGTCTAGGTT	LLU_B	mixture_pool
LLU_B__CGACTTCAGACTAAGT	CGACTTCAGACTAAGT	LLU_B	mixture_pool
LLU_B__CGACTTCTCGAATCCA	CGACTTCTCGAATCCA	LLU_B	mixture_pool
LLU_B__CGACTTCTCGCCATAA	CGACTTCTCGCCATAA	LLU_B	reference
LLU_B__CGACTTCTCGGTGTCG	CGACTTCTCGGTGTCG	LLU_B	reference
LLU_B__CGAGAAGCACATTTCT	CGAGAAGCACATTTCT	LLU_B	reference
LLU_B__CGAGAAGTCGACAGCC	CGAGAAGTCGACAGCC	LLU_B	mixture_pool
LLU_B__CGAGCACAGGGCTCTC	CGAGCACAGGGCTCTC	LLU_B	reference
LLU_B__CGAGCACGTAGCTCCG	CGAGCACGTAGCTCCG	LLU_B	reference
LLU_B__CGAGCACGTGCGAAAC	CGAGCACGTGCGAAAC	LLU_B	reference
LLU_B__CGAGCCACACGGACAA	CGAGCCACACGGACAA	LLU_B	reference
LLU_B__CGATCGGCAAGTCATC	CGATCGGCAAGTCATC	LLU_B	mixture_pool
LLU_B__CGATCGGGTTTGTTGG	CGATCGGGTTTGTTGG	LLU_B	reference
LLU_B__CGATCGGTCCTAGAAC	CGATCGGTCCTAGAAC	LLU_B	mixture_pool
LLU_B__CGATCGGTCTTGTTTG	CGATCGGTCTTGTTTG	LLU_B	mixture_pool
LLU_B__CGATGGCAGACAAAGG	CGATGGCAGACAAAGG	LLU_B	mixture_pool
LLU_B__CGATGGCAGGAACTGC	CGATGGCAGGAACTGC	LLU_B	mixture_pool
LLU_B__CGATGTACATTAACCG	CGATGTACATTAACCG	LLU_B	reference
LLU_B__CGATGTAGTTCGTTGA	CGATGTAGTTCGTTGA	LLU_B	mixture_pool
LLU_B__CGATGTATCCCTCAGT	CGATGTATCCCTCAGT	LLU_B	mixture_pool
LLU_B__CGATTGAGTTCGTTGA	CGATTGAGTTCGTTGA	LLU_B	mixture_pool
LLU_B__CGCCAAGGTATGAATG	CGCCAAGGTATGAATG	LLU_B	mixture_pool
LLU_B__CGCCAAGTCCGAATGT	CGCCAAGTCCGAATGT	LLU_B	mixture_pool
LLU_B__CGCGGTAAGGAGTAGA	CGCGGTAAGGAGTAGA	LLU_B	mixture_pool
LLU_B__CGCGGTACATGAACCT	CGCGGTACATGAACCT	LLU_B	mixture_pool
LLU_B__CGCGGTATCCAAATGC	CGCGGTATCCAAATGC	LLU_B	mixture_pool
LLU_B__CGCGGTATCTTGTATC	CGCGGTATCTTGTATC	LLU_B	reference
LLU_B__CGCGTTTCAATCTACG	CGCGTTTCAATCTACG	LLU_B	mixture_pool
LLU_B__CGCGTTTCAGGAACGT	CGCGTTTCAGGAACGT	LLU_B	mixture_pool
LLU_B__CGCGTTTCATGAAGTA	CGCGTTTCATGAAGTA	LLU_B	mixture_pool
LLU_B__CGCTATCGTCTACCTC	CGCTATCGTCTACCTC	LLU_B	mixture_pool
LLU_B__CGCTATCTCGCTGATA	CGCTATCTCGCTGATA	LLU_B	mixture_pool
LLU_B__CGCTGGAGTAAACCTC	CGCTGGAGTAAACCTC	LLU_B	mixture_pool
LLU_B__CGCTGGAGTGTCAATC	CGCTGGAGTGTCAATC	LLU_B	reference
LLU_B__CGCTTCACAAACCCAT	CGCTTCACAAACCCAT	LLU_B	mixture_pool
LLU_B__CGCTTCAGTCGGGTCT	CGCTTCAGTCGGGTCT	LLU_B	mixture_pool
LLU_B__CGGACACAGCTAACTC	CGGACACAGCTAACTC	LLU_B	reference
LLU_B__CGGACACAGTGTCCAT	CGGACACAGTGTCCAT	LLU_B	reference
LLU_B__CGGACACCACTGAAGG	CGGACACCACTGAAGG	LLU_B	reference
LLU_B__CGGACACTCCCTAATT	CGGACACTCCCTAATT	LLU_B	reference
LLU_B__CGGACGTCACCAGTTA	CGGACGTCACCAGTTA	LLU_B	mixture_pool
LLU_B__CGGACGTGTGCTTCTC	CGGACGTGTGCTTCTC	LLU_B	reference
LLU_B__CGGACGTTCCGGCACA	CGGACGTTCCGGCACA	LLU_B	mixture_pool
LLU_B__CGGACTGAGGATGGAA	CGGACTGAGGATGGAA	LLU_B	mixture_pool
LLU_B__CGGACTGTCAACGGCC	CGGACTGTCAACGGCC	LLU_B	mixture_pool
LLU_B__CGGACTGTCAGGATCT	CGGACTGTCAGGATCT	LLU_B	reference
LLU_B__CGGACTGTCGTGGACC	CGGACTGTCGTGGACC	LLU_B	reference
LLU_B__CGGACTGTCTCCAGGG	CGGACTGTCTCCAGGG	LLU_B	mixture_pool
LLU_B__CGGAGCTAGTTGAGAT	CGGAGCTAGTTGAGAT	LLU_B	mixture_pool
LLU_B__CGGAGCTTCAAAGTAG	CGGAGCTTCAAAGTAG	LLU_B	mixture_pool
LLU_B__CGGAGTCAGCGCTTAT	CGGAGTCAGCGCTTAT	LLU_B	mixture_pool
LLU_B__CGGAGTCGTTCCACAA	CGGAGTCGTTCCACAA	LLU_B	mixture_pool
LLU_B__CGGAGTCTCTGCTGTC	CGGAGTCTCTGCTGTC	LLU_B	mixture_pool
LLU_B__CGGCTAGCACGTAAGG	CGGCTAGCACGTAAGG	LLU_B	reference
LLU_B__CGGCTAGGTTTAAGCC	CGGCTAGGTTTAAGCC	LLU_B	mixture_pool
LLU_B__CGGGTCAAGCTCCTCT	CGGGTCAAGCTCCTCT	LLU_B	mixture_pool
LLU_B__CGGGTCAAGGATGCGT	CGGGTCAAGGATGCGT	LLU_B	mixture_pool
LLU_B__CGGGTCAAGTCAAGGC	CGGGTCAAGTCAAGGC	LLU_B	mixture_pool
LLU_B__CGGGTCACAAGGACTG	CGGGTCACAAGGACTG	LLU_B	mixture_pool
LLU_B__CGGGTCACACCCTATC	CGGGTCACACCCTATC	LLU_B	reference
LLU_B__CGGGTCACAGGCTCAC	CGGGTCACAGGCTCAC	LLU_B	reference
LLU_B__CGGGTCAGTACACCGC	CGGGTCAGTACACCGC	LLU_B	mixture_pool
LLU_B__CGGTTAAAGCTCTCGG	CGGTTAAAGCTCTCGG	LLU_B	mixture_pool
LLU_B__CGGTTAAAGTTACCCA	CGGTTAAAGTTACCCA	LLU_B	reference
LLU_B__CGGTTAAGTCACACGC	CGGTTAAGTCACACGC	LLU_B	mixture_pool
LLU_B__CGTAGCGAGGACAGCT	CGTAGCGAGGACAGCT	LLU_B	mixture_pool
LLU_B__CGTAGCGTCACCCTCA	CGTAGCGTCACCCTCA	LLU_B	mixture_pool
LLU_B__CGTAGGCAGTTTAGGA	CGTAGGCAGTTTAGGA	LLU_B	mixture_pool
LLU_B__CGTAGGCCATCTCCCA	CGTAGGCCATCTCCCA	LLU_B	mixture_pool
LLU_B__CGTAGGCTCCCATTTA	CGTAGGCTCCCATTTA	LLU_B	mixture_pool
LLU_B__CGTAGGCTCGATAGAA	CGTAGGCTCGATAGAA	LLU_B	reference
LLU_B__CGTCAGGCAATCAGAA	CGTCAGGCAATCAGAA	LLU_B	mixture_pool
LLU_B__CGTCAGGGTGTGAAAT	CGTCAGGGTGTGAAAT	LLU_B	mixture_pool
LLU_B__CGTCCATCAAACAACA	CGTCCATCAAACAACA	LLU_B	mixture_pool
LLU_B__CGTCCATGTACATGTC	CGTCCATGTACATGTC	LLU_B	mixture_pool
LLU_B__CGTCCATGTCTAACGT	CGTCCATGTCTAACGT	LLU_B	reference
LLU_B__CGTCCATTCCGTACAA	CGTCCATTCCGTACAA	LLU_B	mixture_pool
LLU_B__CGTCCATTCTTAGAGC	CGTCCATTCTTAGAGC	LLU_B	mixture_pool
LLU_B__CGTCTACGTCTAGTCA	CGTCTACGTCTAGTCA	LLU_B	mixture_pool
LLU_B__CGTCTACTCCTCGCAT	CGTCTACTCCTCGCAT	LLU_B	mixture_pool
LLU_B__CGTCTACTCTAACTTC	CGTCTACTCTAACTTC	LLU_B	mixture_pool
LLU_B__CGTGAGCAGTTACCCA	CGTGAGCAGTTACCCA	LLU_B	mixture_pool
LLU_B__CGTGAGCGTATAGGGC	CGTGAGCGTATAGGGC	LLU_B	reference
LLU_B__CGTGAGCTCCAGAGGA	CGTGAGCTCCAGAGGA	LLU_B	mixture_pool
LLU_B__CGTGTAACATTATCTC	CGTGTAACATTATCTC	LLU_B	mixture_pool
LLU_B__CGTGTAAGTCCAGTTA	CGTGTAAGTCCAGTTA	LLU_B	reference
LLU_B__CGTGTAATCTCTTATG	CGTGTAATCTCTTATG	LLU_B	mixture_pool
LLU_B__CGTGTCTAGTGGAGTC	CGTGTCTAGTGGAGTC	LLU_B	reference
LLU_B__CGTGTCTGTAGAGGAA	CGTGTCTGTAGAGGAA	LLU_B	mixture_pool
LLU_B__CGTTAGATCCGTCAAA	CGTTAGATCCGTCAAA	LLU_B	mixture_pool
LLU_B__CGTTAGATCTGACCTC	CGTTAGATCTGACCTC	LLU_B	mixture_pool
LLU_B__CGTTCTGAGTGTACGG	CGTTCTGAGTGTACGG	LLU_B	mixture_pool
LLU_B__CGTTCTGGTAAATGAC	CGTTCTGGTAAATGAC	LLU_B	mixture_pool
LLU_B__CGTTGGGAGGACACCA	CGTTGGGAGGACACCA	LLU_B	reference
LLU_B__CTAACTTAGATGTGGC	CTAACTTAGATGTGGC	LLU_B	mixture_pool
LLU_B__CTAACTTCATTAGCCA	CTAACTTCATTAGCCA	LLU_B	mixture_pool
LLU_B__CTAACTTGTAAGTGGC	CTAACTTGTAAGTGGC	LLU_B	reference
LLU_B__CTAAGACAGCATCATC	CTAAGACAGCATCATC	LLU_B	reference
LLU_B__CTAAGACCAAACGCGA	CTAAGACCAAACGCGA	LLU_B	mixture_pool
LLU_B__CTAAGACGTGATGTCT	CTAAGACGTGATGTCT	LLU_B	mixture_pool
LLU_B__CTAAGACGTTGCTCCT	CTAAGACGTTGCTCCT	LLU_B	mixture_pool
LLU_B__CTAAGACTCTCGAGTA	CTAAGACTCTCGAGTA	LLU_B	reference
LLU_B__CTAATGGAGCTCAACT	CTAATGGAGCTCAACT	LLU_B	mixture_pool
LLU_B__CTAATGGGTCGAGATG	CTAATGGGTCGAGATG	LLU_B	mixture_pool
LLU_B__CTAATGGGTTACCAGT	CTAATGGGTTACCAGT	LLU_B	reference
LLU_B__CTACACCGTCAGAGGT	CTACACCGTCAGAGGT	LLU_B	mixture_pool
LLU_B__CTACACCGTTGGTAAA	CTACACCGTTGGTAAA	LLU_B	reference
LLU_B__CTACACCTCAACGGGA	CTACACCTCAACGGGA	LLU_B	reference
LLU_B__CTACACCTCAGCATGT	CTACACCTCAGCATGT	LLU_B	mixture_pool
LLU_B__CTACATTCATCGGTTA	CTACATTCATCGGTTA	LLU_B	mixture_pool
LLU_B__CTACATTGTCAACATC	CTACATTGTCAACATC	LLU_B	mixture_pool
LLU_B__CTACATTTCATAGCAC	CTACATTTCATAGCAC	LLU_B	mixture_pool
LLU_B__CTACATTTCCCTTGCA	CTACATTTCCCTTGCA	LLU_B	reference
LLU_B__CTACCCACAAACCTAC	CTACCCACAAACCTAC	LLU_B	mixture_pool
LLU_B__CTACCCACATATGCTG	CTACCCACATATGCTG	LLU_B	reference
LLU_B__CTACCCACATTTGCCC	CTACCCACATTTGCCC	LLU_B	reference
LLU_B__CTACCCATCGGTCTAA	CTACCCATCGGTCTAA	LLU_B	mixture_pool
LLU_B__CTACCCATCTTAGAGC	CTACCCATCTTAGAGC	LLU_B	mixture_pool
LLU_B__CTACGTCAGATCTGAA	CTACGTCAGATCTGAA	LLU_B	mixture_pool
LLU_B__CTACGTCAGGAGTTTA	CTACGTCAGGAGTTTA	LLU_B	mixture_pool
LLU_B__CTAGAGTAGAGTGAGA	CTAGAGTAGAGTGAGA	LLU_B	mixture_pool
LLU_B__CTAGAGTTCTACTTAC	CTAGAGTTCTACTTAC	LLU_B	reference
LLU_B__CTAGCCTCATTATCTC	CTAGCCTCATTATCTC	LLU_B	reference
LLU_B__CTAGTGACACAGATTC	CTAGTGACACAGATTC	LLU_B	mixture_pool
LLU_B__CTAGTGATCTGCGGCA	CTAGTGATCTGCGGCA	LLU_B	reference
LLU_B__CTCACACGTTCGCTAA	CTCACACGTTCGCTAA	LLU_B	mixture_pool
LLU_B__CTCAGAATCGATGAGG	CTCAGAATCGATGAGG	LLU_B	mixture_pool
LLU_B__CTCATTACAATTGCTG	CTCATTACAATTGCTG	LLU_B	reference
LLU_B__CTCATTACATCACGAT	CTCATTACATCACGAT	LLU_B	mixture_pool
LLU_B__CTCATTAGTAAGGATT	CTCATTAGTAAGGATT	LLU_B	mixture_pool
LLU_B__CTCATTAGTTTGACAC	CTCATTAGTTTGACAC	LLU_B	mixture_pool
LLU_B__CTCATTATCGCCATAA	CTCATTATCGCCATAA	LLU_B	mixture_pool
LLU_B__CTCCTAGAGGCATGGT	CTCCTAGAGGCATGGT	LLU_B	mixture_pool
LLU_B__CTCCTAGAGGTGATAT	CTCCTAGAGGTGATAT	LLU_B	reference
LLU_B__CTCCTAGCAATTCCTT	CTCCTAGCAATTCCTT	LLU_B	reference
LLU_B__CTCCTAGGTTATCACG	CTCCTAGGTTATCACG	LLU_B	mixture_pool
LLU_B__CTCGAAACACATGACT	CTCGAAACACATGACT	LLU_B	mixture_pool
LLU_B__CTCGAAACACCACCAG	CTCGAAACACCACCAG	LLU_B	mixture_pool
LLU_B__CTCGAAAGTTGTGGCC	CTCGAAAGTTGTGGCC	LLU_B	mixture_pool
LLU_B__CTCGAGGAGGCGACAT	CTCGAGGAGGCGACAT	LLU_B	mixture_pool
LLU_B__CTCGAGGCAGTATGCT	CTCGAGGCAGTATGCT	LLU_B	reference
LLU_B__CTCGAGGGTCAAGCGA	CTCGAGGGTCAAGCGA	LLU_B	mixture_pool
LLU_B__CTCGAGGGTGCTAGCC	CTCGAGGGTGCTAGCC	LLU_B	mixture_pool
LLU_B__CTCGAGGGTTCTCATT	CTCGAGGGTTCTCATT	LLU_B	mixture_pool
LLU_B__CTCGAGGTCCCAAGAT	CTCGAGGTCCCAAGAT	LLU_B	reference
LLU_B__CTCGAGGTCGGTGTCG	CTCGAGGTCGGTGTCG	LLU_B	mixture_pool
LLU_B__CTCGGAGAGGCAGTCA	CTCGGAGAGGCAGTCA	LLU_B	mixture_pool
LLU_B__CTCGGAGCATCTCGCT	CTCGGAGCATCTCGCT	LLU_B	reference
LLU_B__CTCGGAGCATTATCTC	CTCGGAGCATTATCTC	LLU_B	mixture_pool
LLU_B__CTCGGAGTCTTATCTG	CTCGGAGTCTTATCTG	LLU_B	reference
LLU_B__CTCGGGACACGGTAAG	CTCGGGACACGGTAAG	LLU_B	reference
LLU_B__CTCGTACCAAAGAATC	CTCGTACCAAAGAATC	LLU_B	reference
LLU_B__CTCGTACCAGCAGTTT	CTCGTACCAGCAGTTT	LLU_B	reference
LLU_B__CTCGTACGTATAATGG	CTCGTACGTATAATGG	LLU_B	reference
LLU_B__CTCGTACTCAGCTCGG	CTCGTACTCAGCTCGG	LLU_B	mixture_pool
LLU_B__CTCGTCAAGGCATGGT	CTCGTCAAGGCATGGT	LLU_B	mixture_pool
LLU_B__CTCGTCAAGTGAACGC	CTCGTCAAGTGAACGC	LLU_B	reference
LLU_B__CTCGTCAGTCGAAAGC	CTCGTCAGTCGAAAGC	LLU_B	reference
LLU_B__CTCTAATAGGTTCCTA	CTCTAATAGGTTCCTA	LLU_B	mixture_pool
LLU_B__CTCTAATGTAAGTGTA	CTCTAATGTAAGTGTA	LLU_B	mixture_pool
LLU_B__CTCTAATTCGCTTAGA	CTCTAATTCGCTTAGA	LLU_B	mixture_pool
LLU_B__CTCTACGAGAGACGAA	CTCTACGAGAGACGAA	LLU_B	mixture_pool
LLU_B__CTCTACGGTCAAAGAT	CTCTACGGTCAAAGAT	LLU_B	mixture_pool
LLU_B__CTCTACGTCAGCTTAG	CTCTACGTCAGCTTAG	LLU_B	mixture_pool
LLU_B__CTCTGGTCAGATGGGT	CTCTGGTCAGATGGGT	LLU_B	mixture_pool
LLU_B__CTCTGGTTCCCTCTTT	CTCTGGTTCCCTCTTT	LLU_B	mixture_pool
LLU_B__CTGAAACAGGGAGTAA	CTGAAACAGGGAGTAA	LLU_B	reference
LLU_B__CTGAAACCAGCTATTG	CTGAAACCAGCTATTG	LLU_B	mixture_pool
LLU_B__CTGAAACCATGCGCAC	CTGAAACCATGCGCAC	LLU_B	mixture_pool
LLU_B__CTGAAACGTCCTAGCG	CTGAAACGTCCTAGCG	LLU_B	mixture_pool
LLU_B__CTGAAACGTGAAAGAG	CTGAAACGTGAAAGAG	LLU_B	reference
LLU_B__CTGAAACTCTGCTTGC	CTGAAACTCTGCTTGC	LLU_B	reference
LLU_B__CTGAAGTAGTCATCCA	CTGAAGTAGTCATCCA	LLU_B	mixture_pool
LLU_B__CTGAAGTCAGGGCATA	CTGAAGTCAGGGCATA	LLU_B	mixture_pool
LLU_B__CTGAAGTGTGCGAAAC	CTGAAGTGTGCGAAAC	LLU_B	mixture_pool
LLU_B__CTGAAGTTCAGTACGT	CTGAAGTTCAGTACGT	LLU_B	mixture_pool
LLU_B__CTGATAGAGACGCAAC	CTGATAGAGACGCAAC	LLU_B	reference
LLU_B__CTGATAGAGCGATCCC	CTGATAGAGCGATCCC	LLU_B	mixture_pool
LLU_B__CTGATAGAGCGTCTAT	CTGATAGAGCGTCTAT	LLU_B	mixture_pool
LLU_B__CTGATAGTCTCTGCTG	CTGATAGTCTCTGCTG	LLU_B	mixture_pool
LLU_B__CTGATCCAGAAGGGTA	CTGATCCAGAAGGGTA	LLU_B	mixture_pool
LLU_B__CTGATCCAGCTGCAAG	CTGATCCAGCTGCAAG	LLU_B	reference
LLU_B__CTGATCCAGGAATGGA	CTGATCCAGGAATGGA	LLU_B	mixture_pool
LLU_B__CTGATCCTCACTGGGC	CTGATCCTCACTGGGC	LLU_B	reference
LLU_B__CTGCGGAGTCTCTCGT	CTGCGGAGTCTCTCGT	LLU_B	reference
LLU_B__CTGCTGTAGCTCCTTC	CTGCTGTAGCTCCTTC	LLU_B	mixture_pool
LLU_B__CTGCTGTCAAGCCTAT	CTGCTGTCAAGCCTAT	LLU_B	mixture_pool
LLU_B__CTGCTGTCACCTCGTT	CTGCTGTCACCTCGTT	LLU_B	mixture_pool
LLU_B__CTGCTGTCACCTTGTC	CTGCTGTCACCTTGTC	LLU_B	mixture_pool
LLU_B__CTGCTGTTCGGAATCT	CTGCTGTTCGGAATCT	LLU_B	mixture_pool
LLU_B__CTGGTCTCACCCATGG	CTGGTCTCACCCATGG	LLU_B	mixture_pool
LLU_B__CTGGTCTTCTTCGAGA	CTGGTCTTCTTCGAGA	LLU_B	mixture_pool
LLU_B__CTGTGCTAGGCAATTA	CTGTGCTAGGCAATTA	LLU_B	mixture_pool
LLU_B__CTGTTTAAGCAGCGTA	CTGTTTAAGCAGCGTA	LLU_B	mixture_pool
LLU_B__CTGTTTAAGTACGTTC	CTGTTTAAGTACGTTC	LLU_B	reference
LLU_B__CTGTTTAGTTCCGTCT	CTGTTTAGTTCCGTCT	LLU_B	reference
LLU_B__CTTAACTCATGGTCAT	CTTAACTCATGGTCAT	LLU_B	mixture_pool
LLU_B__CTTACCGGTGCTCTTC	CTTACCGGTGCTCTTC	LLU_B	mixture_pool
LLU_B__CTTAGGAAGAAACCTA	CTTAGGAAGAAACCTA	LLU_B	reference
LLU_B__CTTAGGAAGGATGCGT	CTTAGGAAGGATGCGT	LLU_B	mixture_pool
LLU_B__CTTCTCTCAAAGGAAG	CTTCTCTCAAAGGAAG	LLU_B	mixture_pool
LLU_B__CTTCTCTCAAAGTCAA	CTTCTCTCAAAGTCAA	LLU_B	reference
LLU_B__CTTCTCTCAGATCCAT	CTTCTCTCAGATCCAT	LLU_B	mixture_pool
LLU_B__CTTCTCTGTAGTACCT	CTTCTCTGTAGTACCT	LLU_B	reference
LLU_B__CTTCTCTTCAGCGACC	CTTCTCTTCAGCGACC	LLU_B	mixture_pool
LLU_B__CTTGGCTGTCCTGCTT	CTTGGCTGTCCTGCTT	LLU_B	mixture_pool
LLU_B__CTTGGCTTCAGGTTCA	CTTGGCTTCAGGTTCA	LLU_B	mixture_pool
LLU_B__CTTGGCTTCATGCAAC	CTTGGCTTCATGCAAC	LLU_B	reference
LLU_B__CTTGGCTTCTATCCTA	CTTGGCTTCTATCCTA	LLU_B	mixture_pool
LLU_B__CTTTGCGCACCCTATC	CTTTGCGCACCCTATC	LLU_B	mixture_pool
LLU_B__CTTTGCGGTCTACCTC	CTTTGCGGTCTACCTC	LLU_B	mixture_pool
LLU_B__CTTTGCGGTTCACCTC	CTTTGCGGTTCACCTC	LLU_B	reference
LLU_B__CTTTGCGTCACAGGCC	CTTTGCGTCACAGGCC	LLU_B	reference
LLU_B__CTTTGCGTCTTGAGGT	CTTTGCGTCTTGAGGT	LLU_B	reference
LLU_B__GAAACTCAGCGTAGTG	GAAACTCAGCGTAGTG	LLU_B	mixture_pool
LLU_B__GAAACTCCACCTCGTT	GAAACTCCACCTCGTT	LLU_B	reference
LLU_B__GAAACTCCAGATAATG	GAAACTCCAGATAATG	LLU_B	reference
LLU_B__GAAACTCCAGGTGCCT	GAAACTCCAGGTGCCT	LLU_B	mixture_pool
LLU_B__GAAACTCCATTCTCAT	GAAACTCCATTCTCAT	LLU_B	reference
LLU_B__GAAACTCGTACTCGCG	GAAACTCGTACTCGCG	LLU_B	mixture_pool
LLU_B__GAAATGACATTCCTGC	GAAATGACATTCCTGC	LLU_B	reference
LLU_B__GAAATGAGTATTCTCT	GAAATGAGTATTCTCT	LLU_B	mixture_pool
LLU_B__GAAATGATCATGTCTT	GAAATGATCATGTCTT	LLU_B	reference
LLU_B__GAACATCAGACCGGAT	GAACATCAGACCGGAT	LLU_B	mixture_pool
LLU_B__GAACATCAGTAGCGGT	GAACATCAGTAGCGGT	LLU_B	mixture_pool
LLU_B__GAACATCAGTGTGGCA	GAACATCAGTGTGGCA	LLU_B	reference
LLU_B__GAACATCAGTTGTAGA	GAACATCAGTTGTAGA	LLU_B	reference
LLU_B__GAACATCCAGGCTCAC	GAACATCCAGGCTCAC	LLU_B	mixture_pool
LLU_B__GAACATCCAGGGAGAG	GAACATCCAGGGAGAG	LLU_B	reference
LLU_B__GAACATCCATAGACTC	GAACATCCATAGACTC	LLU_B	mixture_pool
LLU_B__GAACGGACAGCGTCCA	GAACGGACAGCGTCCA	LLU_B	mixture_pool
LLU_B__GAACGGAGTGCATCTA	GAACGGAGTGCATCTA	LLU_B	mixture_pool
LLU_B__GAACGGAGTTACGACT	GAACGGAGTTACGACT	LLU_B	reference
LLU_B__GAAGCAGAGTTGTAGA	GAAGCAGAGTTGTAGA	LLU_B	reference
LLU_B__GAAGCAGGTAATCGTC	GAAGCAGGTAATCGTC	LLU_B	reference
LLU_B__GAAGCAGGTATAAACG	GAAGCAGGTATAAACG	LLU_B	mixture_pool
LLU_B__GAAGCAGGTCTGATCA	GAAGCAGGTCTGATCA	LLU_B	mixture_pool
LLU_B__GAAGCAGTCGCAAACT	GAAGCAGTCGCAAACT	LLU_B	mixture_pool
LLU_B__GAATAAGAGGCAGGTT	GAATAAGAGGCAGGTT	LLU_B	mixture_pool
LLU_B__GAATAAGAGTCTCGGC	GAATAAGAGTCTCGGC	LLU_B	reference
LLU_B__GAATAAGCAACAACCT	GAATAAGCAACAACCT	LLU_B	reference
LLU_B__GAATAAGTCCAGTATG	GAATAAGTCCAGTATG	LLU_B	mixture_pool
LLU_B__GAATGAAAGAGCTGGT	GAATGAAAGAGCTGGT	LLU_B	mixture_pool
LLU_B__GAATGAAAGCTAACTC	GAATGAAAGCTAACTC	LLU_B	mixture_pool
LLU_B__GAATGAAAGGGCTTGA	GAATGAAAGGGCTTGA	LLU_B	reference
LLU_B__GAATGAAGTATCTGCA	GAATGAAGTATCTGCA	LLU_B	reference
LLU_B__GAATGAATCAAACCGT	GAATGAATCAAACCGT	LLU_B	mixture_pool
LLU_B__GACACGCAGGAATGGA	GACACGCAGGAATGGA	LLU_B	reference
LLU_B__GACAGAGCACCTCGGA	GACAGAGCACCTCGGA	LLU_B	mixture_pool
LLU_B__GACAGAGCATGCCTAA	GACAGAGCATGCCTAA	LLU_B	mixture_pool
LLU_B__GACAGAGTCCGAAGAG	GACAGAGTCCGAAGAG	LLU_B	reference
LLU_B__GACCTGGTCAGATAAG	GACCTGGTCAGATAAG	LLU_B	mixture_pool
LLU_B__GACGCGTAGCGGCTTC	GACGCGTAGCGGCTTC	LLU_B	mixture_pool
LLU_B__GACGCGTAGGGAACGG	GACGCGTAGGGAACGG	LLU_B	mixture_pool
LLU_B__GACGCGTTCATGCTCC	GACGCGTTCATGCTCC	LLU_B	mixture_pool
LLU_B__GACGCGTTCTACCAGA	GACGCGTTCTACCAGA	LLU_B	reference
LLU_B__GACGGCTAGTCGAGTG	GACGGCTAGTCGAGTG	LLU_B	reference
LLU_B__GACGGCTCACCTGGTG	GACGGCTCACCTGGTG	LLU_B	mixture_pool
LLU_B__GACGGCTCAGCTGTAT	GACGGCTCAGCTGTAT	LLU_B	mixture_pool
LLU_B__GACGGCTTCCAGAGGA	GACGGCTTCCAGAGGA	LLU_B	mixture_pool
LLU_B__GACGTGCGTTCAGACT	GACGTGCGTTCAGACT	LLU_B	mixture_pool
LLU_B__GACGTTAAGGCTATCT	GACGTTAAGGCTATCT	LLU_B	mixture_pool
LLU_B__GACGTTACACGGTAAG	GACGTTACACGGTAAG	LLU_B	mixture_pool
LLU_B__GACGTTATCTTGAGGT	GACGTTATCTTGAGGT	LLU_B	mixture_pool
LLU_B__GACTAACGTGAGGGTT	GACTAACGTGAGGGTT	LLU_B	mixture_pool
LLU_B__GACTACAAGGCATGGT	GACTACAAGGCATGGT	LLU_B	mixture_pool
LLU_B__GACTACAAGGCTCAGA	GACTACAAGGCTCAGA	LLU_B	mixture_pool
LLU_B__GACTACACAATGGATA	GACTACACAATGGATA	LLU_B	mixture_pool
LLU_B__GACTACACAATTGCTG	GACTACACAATTGCTG	LLU_B	mixture_pool
LLU_B__GACTGCGAGCCGGTAA	GACTGCGAGCCGGTAA	LLU_B	mixture_pool
LLU_B__GACTGCGAGCTCCCAG	GACTGCGAGCTCCCAG	LLU_B	reference
LLU_B__GACTGCGCAAGCCTAT	GACTGCGCAAGCCTAT	LLU_B	reference
LLU_B__GACTGCGCACCGAATT	GACTGCGCACCGAATT	LLU_B	mixture_pool
LLU_B__GACTGCGCACGGCCAT	GACTGCGCACGGCCAT	LLU_B	reference
LLU_B__GACTGCGTCCTACAGA	GACTGCGTCCTACAGA	LLU_B	mixture_pool
LLU_B__GAGCAGACATAGTAAG	GAGCAGACATAGTAAG	LLU_B	mixture_pool
LLU_B__GAGGTGAGTTCAGTAC	GAGGTGAGTTCAGTAC	LLU_B	mixture_pool
LLU_B__GAGGTGATCCTCCTAG	GAGGTGATCCTCCTAG	LLU_B	mixture_pool
LLU_B__GAGTCCGAGCCAGAAC	GAGTCCGAGCCAGAAC	LLU_B	mixture_pool
LLU_B__GAGTCCGCACGAAAGC	GAGTCCGCACGAAAGC	LLU_B	mixture_pool
LLU_B__GAGTCCGCACGGCGTT	GAGTCCGCACGGCGTT	LLU_B	mixture_pool
LLU_B__GATCAGTCATGGTCTA	GATCAGTCATGGTCTA	LLU_B	reference
LLU_B__GATCAGTCATTCCTCG	GATCAGTCATTCCTCG	LLU_B	mixture_pool
LLU_B__GATCAGTGTCCAACTA	GATCAGTGTCCAACTA	LLU_B	reference
LLU_B__GATCAGTGTCTAGTCA	GATCAGTGTCTAGTCA	LLU_B	reference
LLU_B__GATCAGTGTTCCTCCA	GATCAGTGTTCCTCCA	LLU_B	mixture_pool
LLU_B__GATCAGTTCTGCTGCT	GATCAGTTCTGCTGCT	LLU_B	reference
LLU_B__GATCGATAGAGTGACC	GATCGATAGAGTGACC	LLU_B	reference
LLU_B__GATCGATCAAGTAATG	GATCGATCAAGTAATG	LLU_B	mixture_pool
LLU_B__GATCGATTCTGTCAAG	GATCGATTCTGTCAAG	LLU_B	mixture_pool
LLU_B__GATCGCGAGACACGAC	GATCGCGAGACACGAC	LLU_B	mixture_pool
LLU_B__GATCGCGTCCATGAGT	GATCGCGTCCATGAGT	LLU_B	mixture_pool
LLU_B__GATCGCGTCGTGGACC	GATCGCGTCGTGGACC	LLU_B	reference
LLU_B__GATCGTAAGACTCGGA	GATCGTAAGACTCGGA	LLU_B	mixture_pool
LLU_B__GATCGTAAGCGTGAAC	GATCGTAAGCGTGAAC	LLU_B	mixture_pool
LLU_B__GATCGTACAGTTCATG	GATCGTACAGTTCATG	LLU_B	mixture_pool
LLU_B__GATCGTACATCCGTGG	GATCGTACATCCGTGG	LLU_B	mixture_pool
LLU_B__GATCGTAGTGGGTATG	GATCGTAGTGGGTATG	LLU_B	reference
LLU_B__GATCGTATCAGCGACC	GATCGTATCAGCGACC	LLU_B	mixture_pool
LLU_B__GATCTAGAGCTCCTCT	GATCTAGAGCTCCTCT	LLU_B	mixture_pool
LLU_B__GATCTAGCAGACGCCT	GATCTAGCAGACGCCT	LLU_B	reference
LLU_B__GATCTAGCATCGATGT	GATCTAGCATCGATGT	LLU_B	reference
LLU_B__GATCTAGTCTGTGCAA	GATCTAGTCTGTGCAA	LLU_B	mixture_pool
LLU_B__GATGAAAAGTGTCCAT	GATGAAAAGTGTCCAT	LLU_B	reference
LLU_B__GATGAGGAGCCCAACC	GATGAGGAGCCCAACC	LLU_B	reference
LLU_B__GATGAGGAGCGTAGTG	GATGAGGAGCGTAGTG	LLU_B	mixture_pool
LLU_B__GATGAGGGTACACCGC	GATGAGGGTACACCGC	LLU_B	reference
LLU_B__GATGAGGGTACCAGTT	GATGAGGGTACCAGTT	LLU_B	reference
LLU_B__GATGAGGTCATTGCGA	GATGAGGTCATTGCGA	LLU_B	mixture_pool
LLU_B__GATGCTAAGCTCCTTC	GATGCTAAGCTCCTTC	LLU_B	reference
LLU_B__GATGCTATCCTAGAAC	GATGCTATCCTAGAAC	LLU_B	reference
LLU_B__GATTCAGCACTACAGT	GATTCAGCACTACAGT	LLU_B	mixture_pool
LLU_B__GATTCAGGTTCCCGAG	GATTCAGGTTCCCGAG	LLU_B	mixture_pool
LLU_B__GCAAACTCATTGGTAC	GCAAACTCATTGGTAC	LLU_B	reference
LLU_B__GCAATCACACTTAAGC	GCAATCACACTTAAGC	LLU_B	mixture_pool
LLU_B__GCACATAAGAGAGCTC	GCACATAAGAGAGCTC	LLU_B	mixture_pool
LLU_B__GCACATAAGGCCATAG	GCACATAAGGCCATAG	LLU_B	mixture_pool
LLU_B__GCACATAAGTGTGAAT	GCACATAAGTGTGAAT	LLU_B	reference
LLU_B__GCACATACAGTCAGAG	GCACATACAGTCAGAG	LLU_B	mixture_pool
LLU_B__GCACTCTCAGGCTGAA	GCACTCTCAGGCTGAA	LLU_B	mixture_pool
LLU_B__GCACTCTGTATATGAG	GCACTCTGTATATGAG	LLU_B	mixture_pool
LLU_B__GCACTCTTCATGTAGC	GCACTCTTCATGTAGC	LLU_B	reference
LLU_B__GCACTCTTCATTATCC	GCACTCTTCATTATCC	LLU_B	mixture_pool
LLU_B__GCACTCTTCGCCTGAG	GCACTCTTCGCCTGAG	LLU_B	mixture_pool
LLU_B__GCACTCTTCTTATCTG	GCACTCTTCTTATCTG	LLU_B	mixture_pool
LLU_B__GCAGCCAAGCCCAATT	GCAGCCAAGCCCAATT	LLU_B	mixture_pool
LLU_B__GCAGCCACAGTAAGAT	GCAGCCACAGTAAGAT	LLU_B	mixture_pool
LLU_B__GCAGCCACATGTTCCC	GCAGCCACATGTTCCC	LLU_B	mixture_pool
LLU_B__GCAGCCATCCTAGAAC	GCAGCCATCCTAGAAC	LLU_B	mixture_pool
LLU_B__GCAGTTAAGCCAGTTT	GCAGTTAAGCCAGTTT	LLU_B	mixture_pool
LLU_B__GCAGTTAAGTCCATAC	GCAGTTAAGTCCATAC	LLU_B	reference
LLU_B__GCAGTTACACAACTGT	GCAGTTACACAACTGT	LLU_B	mixture_pool
LLU_B__GCAGTTACACCCATGG	GCAGTTACACCCATGG	LLU_B	mixture_pool
LLU_B__GCAGTTACATGACGGA	GCAGTTACATGACGGA	LLU_B	reference
LLU_B__GCATACACAGACGTAG	GCATACACAGACGTAG	LLU_B	mixture_pool
LLU_B__GCATGATTCATTCACT	GCATGATTCATTCACT	LLU_B	reference
LLU_B__GCATGATTCGGACAAG	GCATGATTCGGACAAG	LLU_B	reference
LLU_B__GCATGCGAGCTGCAAG	GCATGCGAGCTGCAAG	LLU_B	mixture_pool
LLU_B__GCATGCGAGTGCTGCC	GCATGCGAGTGCTGCC	LLU_B	reference
LLU_B__GCATGCGTCCAGTAGT	GCATGCGTCCAGTAGT	LLU_B	mixture_pool
LLU_B__GCATGTACAAAGTCAA	GCATGTACAAAGTCAA	LLU_B	mixture_pool
LLU_B__GCATGTAGTGGCCCTA	GCATGTAGTGGCCCTA	LLU_B	mixture_pool
LLU_B__GCCAAATCAATAGCAA	GCCAAATCAATAGCAA	LLU_B	reference
LLU_B__GCCAAATCAGATGAGC	GCCAAATCAGATGAGC	LLU_B	mixture_pool
LLU_B__GCCAAATTCGCAAGCC	GCCAAATTCGCAAGCC	LLU_B	mixture_pool
LLU_B__GCCTCTAAGCTCAACT	GCCTCTAAGCTCAACT	LLU_B	reference
LLU_B__GCCTCTAGTTACGCGC	GCCTCTAGTTACGCGC	LLU_B	mixture_pool
LLU_B__GCGACCATCCATTCTA	GCGACCATCCATTCTA	LLU_B	reference
LLU_B__GCGACCATCCGCGTTT	GCGACCATCCGCGTTT	LLU_B	reference
LLU_B__GCGAGAAGTTAAGACA	GCGAGAAGTTAAGACA	LLU_B	mixture_pool
LLU_B__GCGCAACGTTCGTCTC	GCGCAACGTTCGTCTC	LLU_B	reference
LLU_B__GCGCAACTCCCTCAGT	GCGCAACTCCCTCAGT	LLU_B	reference
LLU_B__GCGCAGTAGCTGATAA	GCGCAGTAGCTGATAA	LLU_B	mixture_pool
LLU_B__GCGCAGTTCGGAGGTA	GCGCAGTTCGGAGGTA	LLU_B	mixture_pool
LLU_B__GCGCAGTTCTGTCTCG	GCGCAGTTCTGTCTCG	LLU_B	mixture_pool
LLU_B__GCGCCAAAGTCTCGGC	GCGCCAAAGTCTCGGC	LLU_B	mixture_pool
LLU_B__GCGCCAACATCAGTCA	GCGCCAACATCAGTCA	LLU_B	reference
LLU_B__GCGCCAATCCTTTCGG	GCGCCAATCCTTTCGG	LLU_B	mixture_pool
LLU_B__GCGCGATAGACATAAC	GCGCGATAGACATAAC	LLU_B	mixture_pool
LLU_B__GCGCGATAGCCTCGTG	GCGCGATAGCCTCGTG	LLU_B	reference
LLU_B__GCGCGATAGGCAATTA	GCGCGATAGGCAATTA	LLU_B	mixture_pool
LLU_B__GCGCGATGTGGCCCTA	GCGCGATGTGGCCCTA	LLU_B	reference
LLU_B__GCGGGTTAGGACACCA	GCGGGTTAGGACACCA	LLU_B	mixture_pool
LLU_B__GCGGGTTCATGGTCAT	GCGGGTTCATGGTCAT	LLU_B	mixture_pool
LLU_B__GCGGGTTGTATAGGTA	GCGGGTTGTATAGGTA	LLU_B	mixture_pool
LLU_B__GCTCCTAGTGCGATAG	GCTCCTAGTGCGATAG	LLU_B	mixture_pool
LLU_B__GCTCCTAGTGCGGTAA	GCTCCTAGTGCGGTAA	LLU_B	reference
LLU_B__GCTCCTATCAACTCTT	GCTCCTATCAACTCTT	LLU_B	mixture_pool
LLU_B__GCTCCTATCGTGACAT	GCTCCTATCGTGACAT	LLU_B	reference
LLU_B__GCTCTGTAGTACTTGC	GCTCTGTAGTACTTGC	LLU_B	mixture_pool
LLU_B__GCTCTGTAGTGGGCTA	GCTCTGTAGTGGGCTA	LLU_B	mixture_pool
LLU_B__GCTCTGTGTTATGCGT	GCTCTGTGTTATGCGT	LLU_B	mixture_pool
LLU_B__GCTCTGTTCAGCTGGC	GCTCTGTTCAGCTGGC	LLU_B	mixture_pool
LLU_B__GCTGCAGGTCTCATCC	GCTGCAGGTCTCATCC	LLU_B	mixture_pool
LLU_B__GCTGCAGGTGGCTCCA	GCTGCAGGTGGCTCCA	LLU_B	mixture_pool
LLU_B__GCTGCAGTCAACCAAC	GCTGCAGTCAACCAAC	LLU_B	reference
LLU_B__GCTGCAGTCGCACTCT	GCTGCAGTCGCACTCT	LLU_B	mixture_pool
LLU_B__GCTGCAGTCGTGGACC	GCTGCAGTCGTGGACC	LLU_B	mixture_pool
LLU_B__GCTGCGAAGGCAGGTT	GCTGCGAAGGCAGGTT	LLU_B	mixture_pool
LLU_B__GCTGCGACAATCGGTT	GCTGCGACAATCGGTT	LLU_B	mixture_pool
LLU_B__GCTGCGACAGTGGGAT	GCTGCGACAGTGGGAT	LLU_B	reference
LLU_B__GCTGCGATCCAACCAA	GCTGCGATCCAACCAA	LLU_B	mixture_pool
LLU_B__GCTGCGATCGGAGGTA	GCTGCGATCGGAGGTA	LLU_B	mixture_pool
LLU_B__GCTGCTTAGAACAACT	GCTGCTTAGAACAACT	LLU_B	mixture_pool
LLU_B__GCTGCTTCACAAGACG	GCTGCTTCACAAGACG	LLU_B	reference
LLU_B__GCTGCTTCATTCTCAT	GCTGCTTCATTCTCAT	LLU_B	mixture_pool
LLU_B__GCTGCTTTCGCTAGCG	GCTGCTTTCGCTAGCG	LLU_B	mixture_pool
LLU_B__GCTGGGTAGCATCATC	GCTGGGTAGCATCATC	LLU_B	mixture_pool
LLU_B__GCTGGGTCAATGTAAG	GCTGGGTCAATGTAAG	LLU_B	reference
LLU_B__GCTGGGTGTCGAAAGC	GCTGGGTGTCGAAAGC	LLU_B	mixture_pool
LLU_B__GCTGGGTTCACCGTAA	GCTGGGTTCACCGTAA	LLU_B	mixture_pool
LLU_B__GCTTCCAAGCCACGTC	GCTTCCAAGCCACGTC	LLU_B	mixture_pool
LLU_B__GCTTCCACAATTCCTT	GCTTCCACAATTCCTT	LLU_B	mixture_pool
LLU_B__GCTTCCAGTACCGAGA	GCTTCCAGTACCGAGA	LLU_B	mixture_pool
LLU_B__GCTTCCAGTCATACTG	GCTTCCAGTCATACTG	LLU_B	mixture_pool
LLU_B__GCTTCCATCGAACGGA	GCTTCCATCGAACGGA	LLU_B	mixture_pool
LLU_B__GCTTCCATCTTAGCCC	GCTTCCATCTTAGCCC	LLU_B	reference
LLU_B__GCTTGAAAGTTAAGTG	GCTTGAAAGTTAAGTG	LLU_B	mixture_pool
LLU_B__GGAAAGCCAGCGATCC	GGAAAGCCAGCGATCC	LLU_B	reference
LLU_B__GGAAAGCTCGTTACAG	GGAAAGCTCGTTACAG	LLU_B	mixture_pool
LLU_B__GGAACTTAGAGGGCTT	GGAACTTAGAGGGCTT	LLU_B	mixture_pool
LLU_B__GGAACTTAGCCCGAAA	GGAACTTAGCCCGAAA	LLU_B	reference
LLU_B__GGAACTTAGCGAAGGG	GGAACTTAGCGAAGGG	LLU_B	mixture_pool
LLU_B__GGAACTTGTCAACTGT	GGAACTTGTCAACTGT	LLU_B	mixture_pool
LLU_B__GGAATAACAATCACAC	GGAATAACAATCACAC	LLU_B	mixture_pool
LLU_B__GGAATAAGTCAAAGCG	GGAATAAGTCAAAGCG	LLU_B	mixture_pool
LLU_B__GGAATAAGTGACGGTA	GGAATAAGTGACGGTA	LLU_B	mixture_pool
LLU_B__GGAATAATCGAATGGG	GGAATAATCGAATGGG	LLU_B	mixture_pool
LLU_B__GGACAAGAGCAACGGT	GGACAAGAGCAACGGT	LLU_B	reference
LLU_B__GGACAAGAGCGTGAAC	GGACAAGAGCGTGAAC	LLU_B	reference
LLU_B__GGACAAGAGTTACCCA	GGACAAGAGTTACCCA	LLU_B	reference
LLU_B__GGACAGACATGTTGAC	GGACAGACATGTTGAC	LLU_B	mixture_pool
LLU_B__GGACAGACATTCGACA	GGACAGACATTCGACA	LLU_B	reference
LLU_B__GGACAGAGTCGGGTCT	GGACAGAGTCGGGTCT	LLU_B	mixture_pool
LLU_B__GGACAGATCTATCCCG	GGACAGATCTATCCCG	LLU_B	reference
LLU_B__GGACAGATCTCTGAGA	GGACAGATCTCTGAGA	LLU_B	mixture_pool
LLU_B__GGACATTAGAGACTAT	GGACATTAGAGACTAT	LLU_B	mixture_pool
LLU_B__GGACATTTCGATCCCT	GGACATTTCGATCCCT	LLU_B	mixture_pool
LLU_B__GGACGTCAGACTCGGA	GGACGTCAGACTCGGA	LLU_B	reference
LLU_B__GGACGTCAGGACAGCT	GGACGTCAGGACAGCT	LLU_B	mixture_pool
LLU_B__GGACGTCCAGCAGTTT	GGACGTCCAGCAGTTT	LLU_B	mixture_pool
LLU_B__GGACGTCCAGTCAGCC	GGACGTCCAGTCAGCC	LLU_B	mixture_pool
LLU_B__GGACGTCTCCAATGGT	GGACGTCTCCAATGGT	LLU_B	mixture_pool
LLU_B__GGACGTCTCTTGTCAT	GGACGTCTCTTGTCAT	LLU_B	mixture_pool
LLU_B__GGAGCAAAGTGTACGG	GGAGCAAAGTGTACGG	LLU_B	reference
LLU_B__GGAGCAACATTCACTT	GGAGCAACATTCACTT	LLU_B	mixture_pool
LLU_B__GGAGCAAGTGACGCCT	GGAGCAAGTGACGCCT	LLU_B	mixture_pool
LLU_B__GGAGCAAGTGTGACGA	GGAGCAAGTGTGACGA	LLU_B	mixture_pool
LLU_B__GGATGTTGTTATGCGT	GGATGTTGTTATGCGT	LLU_B	mixture_pool
LLU_B__GGATTACAGGCCATAG	GGATTACAGGCCATAG	LLU_B	mixture_pool
LLU_B__GGATTACCACAGACAG	GGATTACCACAGACAG	LLU_B	mixture_pool
LLU_B__GGCAATTAGGACCACA	GGCAATTAGGACCACA	LLU_B	mixture_pool
LLU_B__GGCAATTCAACGATCT	GGCAATTCAACGATCT	LLU_B	mixture_pool
LLU_B__GGCAATTGTACCGCTG	GGCAATTGTACCGCTG	LLU_B	reference
LLU_B__GGCAATTGTCGAACAG	GGCAATTGTCGAACAG	LLU_B	mixture_pool
LLU_B__GGCCGATAGGACAGAA	GGCCGATAGGACAGAA	LLU_B	mixture_pool
LLU_B__GGCCGATCAATAACGA	GGCCGATCAATAACGA	LLU_B	mixture_pool
LLU_B__GGCCGATTCACCCGAG	GGCCGATTCACCCGAG	LLU_B	mixture_pool
LLU_B__GGCGACTAGAGGGATA	GGCGACTAGAGGGATA	LLU_B	reference
LLU_B__GGCGACTAGTCGAGTG	GGCGACTAGTCGAGTG	LLU_B	mixture_pool
LLU_B__GGCGACTGTGTCCTCT	GGCGACTGTGTCCTCT	LLU_B	mixture_pool
LLU_B__GGCGTGTAGAGAACAG	GGCGTGTAGAGAACAG	LLU_B	mixture_pool
LLU_B__GGCGTGTCACCGATAT	GGCGTGTCACCGATAT	LLU_B	reference
LLU_B__GGCGTGTCATTCCTGC	GGCGTGTCATTCCTGC	LLU_B	mixture_pool
LLU_B__GGCGTGTGTCAAAGCG	GGCGTGTGTCAAAGCG	LLU_B	mixture_pool
LLU_B__GGCGTGTGTGGGTATG	GGCGTGTGTGGGTATG	LLU_B	reference
LLU_B__GGCTCGACAGGAATGC	GGCTCGACAGGAATGC	LLU_B	mixture_pool
LLU_B__GGCTCGACATAGAAAC	GGCTCGACATAGAAAC	LLU_B	mixture_pool
LLU_B__GGCTCGAGTTACGCGC	GGCTCGAGTTACGCGC	LLU_B	mixture_pool
LLU_B__GGCTGGTAGCGGCTTC	GGCTGGTAGCGGCTTC	LLU_B	mixture_pool
LLU_B__GGCTGGTAGTGCGTGA	GGCTGGTAGTGCGTGA	LLU_B	reference
LLU_B__GGCTGGTCACGAAAGC	GGCTGGTCACGAAAGC	LLU_B	mixture_pool
LLU_B__GGCTGGTCATCACAAC	GGCTGGTCATCACAAC	LLU_B	reference
LLU_B__GGGAATGCAAGCCGCT	GGGAATGCAAGCCGCT	LLU_B	mixture_pool
LLU_B__GGGACCTAGCAACGGT	GGGACCTAGCAACGGT	LLU_B	mixture_pool
LLU_B__GGGACCTCACATAACC	GGGACCTCACATAACC	LLU_B	mixture_pool
LLU_B__GGGACCTCACTAAGTC	GGGACCTCACTAAGTC	LLU_B	mixture_pool
LLU_B__GGGACCTCATTCACTT	GGGACCTCATTCACTT	LLU_B	mixture_pool
LLU_B__GGGACCTGTAGCAAAT	GGGACCTGTAGCAAAT	LLU_B	mixture_pool
LLU_B__GGGACCTGTGTGAATA	GGGACCTGTGTGAATA	LLU_B	reference
LLU_B__GGGACCTTCTGGTATG	GGGACCTTCTGGTATG	LLU_B	mixture_pool
LLU_B__GGGAGATAGGACAGCT	GGGAGATAGGACAGCT	LLU_B	reference
LLU_B__GGGAGATCATCCTTGC	GGGAGATCATCCTTGC	LLU_B	mixture_pool
LLU_B__GGGAGATTCAGTTTGG	GGGAGATTCAGTTTGG	LLU_B	reference
LLU_B__GGGATGAAGCTCCTTC	GGGATGAAGCTCCTTC	LLU_B	reference
LLU_B__GGGATGACATGATCCA	GGGATGACATGATCCA	LLU_B	mixture_pool
LLU_B__GGGATGATCCACGAAT	GGGATGATCCACGAAT	LLU_B	mixture_pool
LLU_B__GGGCACTAGGTGGGTT	GGGCACTAGGTGGGTT	LLU_B	mixture_pool
LLU_B__GGGCACTAGTCGAGTG	GGGCACTAGTCGAGTG	LLU_B	reference
LLU_B__GGGCACTCAATCTGCA	GGGCACTCAATCTGCA	LLU_B	reference
LLU_B__GGGCACTCATCACGTA	GGGCACTCATCACGTA	LLU_B	mixture_pool
LLU_B__GGGCATCAGACTACAA	GGGCATCAGACTACAA	LLU_B	reference
LLU_B__GGGCATCCAGTCACTA	GGGCATCCAGTCACTA	LLU_B	mixture_pool
LLU_B__GGGCATCTCACCATAG	GGGCATCTCACCATAG	LLU_B	mixture_pool
LLU_B__GGGCATCTCCAAGTAC	GGGCATCTCCAAGTAC	LLU_B	mixture_pool
LLU_B__GGGTTGCTCATGTGGT	GGGTTGCTCATGTGGT	LLU_B	reference
LLU_B__GGTATTGAGAGAACAG	GGTATTGAGAGAACAG	LLU_B	reference
LLU_B__GGTATTGCAATCGGTT	GGTATTGCAATCGGTT	LLU_B	mixture_pool
LLU_B__GGTATTGCATGTCCTC	GGTATTGCATGTCCTC	LLU_B	mixture_pool
LLU_B__GGTGAAGCATCTACGA	GGTGAAGCATCTACGA	LLU_B	mixture_pool
LLU_B__GGTGAAGGTTTGTGTG	GGTGAAGGTTTGTGTG	LLU_B	mixture_pool
LLU_B__GGTGCGTAGAGACTTA	GGTGCGTAGAGACTTA	LLU_B	mixture_pool
LLU_B__GGTGCGTAGTTAACGA	GGTGCGTAGTTAACGA	LLU_B	reference
LLU_B__GGTGCGTCACGAAAGC	GGTGCGTCACGAAAGC	LLU_B	mixture_pool
LLU_B__GGTGCGTTCTTCATGT	GGTGCGTTCTTCATGT	LLU_B	mixture_pool
LLU_B__GTAACGTAGGCTCAGA	GTAACGTAGGCTCAGA	LLU_B	mixture_pool
LLU_B__GTAACGTCAATGGACG	GTAACGTCAATGGACG	LLU_B	mixture_pool
LLU_B__GTAACGTCATGTCCTC	GTAACGTCATGTCCTC	LLU_B	mixture_pool
LLU_B__GTAACGTCATTTCACT	GTAACGTCATTTCACT	LLU_B	mixture_pool
LLU_B__GTAACGTGTTCCGTCT	GTAACGTGTTCCGTCT	LLU_B	reference
LLU_B__GTACGTAAGCAAATCA	GTACGTAAGCAAATCA	LLU_B	mixture_pool
LLU_B__GTACGTATCTCTGCTG	GTACGTATCTCTGCTG	LLU_B	mixture_pool
LLU_B__GTACTCCCAATGACCT	GTACTCCCAATGACCT	LLU_B	reference
LLU_B__GTACTCCGTGGCAAAC	GTACTCCGTGGCAAAC	LLU_B	mixture_pool
LLU_B__GTACTCCTCGTCTGCT	GTACTCCTCGTCTGCT	LLU_B	reference
LLU_B__GTACTTTAGCTGAAAT	GTACTTTAGCTGAAAT	LLU_B	mixture_pool
LLU_B__GTACTTTAGCTGATAA	GTACTTTAGCTGATAA	LLU_B	mixture_pool
LLU_B__GTACTTTAGTTTCCTT	GTACTTTAGTTTCCTT	LLU_B	reference
LLU_B__GTACTTTGTAAAGGAG	GTACTTTGTAAAGGAG	LLU_B	reference
LLU_B__GTAGGCCAGGACTGGT	GTAGGCCAGGACTGGT	LLU_B	reference
LLU_B__GTAGGCCCAAGTCTAC	GTAGGCCCAAGTCTAC	LLU_B	mixture_pool
LLU_B__GTAGGCCCAGATGGGT	GTAGGCCCAGATGGGT	LLU_B	mixture_pool
LLU_B__GTAGGCCTCATATCGG	GTAGGCCTCATATCGG	LLU_B	mixture_pool
LLU_B__GTAGTCAAGTGCGTGA	GTAGTCAAGTGCGTGA	LLU_B	mixture_pool
LLU_B__GTAGTCATCAATAAGG	GTAGTCATCAATAAGG	LLU_B	mixture_pool
LLU_B__GTAGTCATCTATCCTA	GTAGTCATCTATCCTA	LLU_B	reference
LLU_B__GTATCTTAGACCTTTG	GTATCTTAGACCTTTG	LLU_B	mixture_pool
LLU_B__GTATCTTAGCACAGGT	GTATCTTAGCACAGGT	LLU_B	reference
LLU_B__GTATCTTCAAGTCTGT	GTATCTTCAAGTCTGT	LLU_B	mixture_pool
LLU_B__GTATCTTCAGCTCGCA	GTATCTTCAGCTCGCA	LLU_B	mixture_pool
LLU_B__GTATCTTCATGCATGT	GTATCTTCATGCATGT	LLU_B	reference
LLU_B__GTATCTTGTCTTCGTC	GTATCTTGTCTTCGTC	LLU_B	mixture_pool
LLU_B__GTATCTTTCCGTAGTA	GTATCTTTCCGTAGTA	LLU_B	mixture_pool
LLU_B__GTATCTTTCGCTAGCG	GTATCTTTCGCTAGCG	LLU_B	reference
LLU_B__GTATCTTTCTCCTATA	GTATCTTTCTCCTATA	LLU_B	reference
LLU_B__GTATCTTTCTCTTGAT	GTATCTTTCTCTTGAT	LLU_B	mixture_pool
LLU_B__GTATTCTTCACAAACC	GTATTCTTCACAAACC	LLU_B	mixture_pool
LLU_B__GTATTCTTCTTGTTTG	GTATTCTTCTTGTTTG	LLU_B	mixture_pool
LLU_B__GTCAAGTAGGTAGCCA	GTCAAGTAGGTAGCCA	LLU_B	mixture_pool
LLU_B__GTCACAAAGAAGGGTA	GTCACAAAGAAGGGTA	LLU_B	mixture_pool
LLU_B__GTCACAAAGTCAAGGC	GTCACAAAGTCAAGGC	LLU_B	mixture_pool
LLU_B__GTCACAAAGTCTCGGC	GTCACAAAGTCTCGGC	LLU_B	mixture_pool
LLU_B__GTCACAACAAGAGTCG	GTCACAACAAGAGTCG	LLU_B	mixture_pool
LLU_B__GTCACGGCAGCCTTTC	GTCACGGCAGCCTTTC	LLU_B	reference
LLU_B__GTCACGGGTCATACTG	GTCACGGGTCATACTG	LLU_B	mixture_pool
LLU_B__GTCATTTCAGTCAGAG	GTCATTTCAGTCAGAG	LLU_B	reference
LLU_B__GTCATTTTCCTCAACC	GTCATTTTCCTCAACC	LLU_B	mixture_pool
LLU_B__GTCCTCAAGCGAGAAA	GTCCTCAAGCGAGAAA	LLU_B	reference
LLU_B__GTCCTCACACCAGGTC	GTCCTCACACCAGGTC	LLU_B	reference
LLU_B__GTCGGGTCACATGTGT	GTCGGGTCACATGTGT	LLU_B	mixture_pool
LLU_B__GTCGGGTCATACAGCT	GTCGGGTCATACAGCT	LLU_B	mixture_pool
LLU_B__GTCGGGTGTCGCGAAA	GTCGGGTGTCGCGAAA	LLU_B	mixture_pool
LLU_B__GTCGGGTTCCTTTCGG	GTCGGGTTCCTTTCGG	LLU_B	mixture_pool
LLU_B__GTCGTAACAAGTTGTC	GTCGTAACAAGTTGTC	LLU_B	mixture_pool
LLU_B__GTCGTAACACTGTCGG	GTCGTAACACTGTCGG	LLU_B	mixture_pool
LLU_B__GTCGTAACAGCTATTG	GTCGTAACAGCTATTG	LLU_B	reference
LLU_B__GTCGTAATCCAAGCCG	GTCGTAATCCAAGCCG	LLU_B	reference
LLU_B__GTCTCGTGTCTAGAGG	GTCTCGTGTCTAGAGG	LLU_B	mixture_pool
LLU_B__GTCTCGTGTTGGACCC	GTCTCGTGTTGGACCC	LLU_B	reference
LLU_B__GTCTTCGAGACATAAC	GTCTTCGAGACATAAC	LLU_B	reference
LLU_B__GTCTTCGAGTGTACTC	GTCTTCGAGTGTACTC	LLU_B	reference
LLU_B__GTCTTCGTCGAGAACG	GTCTTCGTCGAGAACG	LLU_B	mixture_pool
LLU_B__GTGAAGGAGGAATGGA	GTGAAGGAGGAATGGA	LLU_B	mixture_pool
LLU_B__GTGAAGGCACACCGCA	GTGAAGGCACACCGCA	LLU_B	reference
LLU_B__GTGAAGGTCCTCAATT	GTGAAGGTCCTCAATT	LLU_B	reference
LLU_B__GTGCAGCCAGACGCAA	GTGCAGCCAGACGCAA	LLU_B	reference
LLU_B__GTGCATACACCGAAAG	GTGCATACACCGAAAG	LLU_B	mixture_pool
LLU_B__GTGCGGTAGCGATCCC	GTGCGGTAGCGATCCC	LLU_B	mixture_pool
LLU_B__GTGCTTCCAAGTAGTA	GTGCTTCCAAGTAGTA	LLU_B	mixture_pool
LLU_B__GTGCTTCCAATTCCTT	GTGCTTCCAATTCCTT	LLU_B	mixture_pool
LLU_B__GTGCTTCGTACCGTTA	GTGCTTCGTACCGTTA	LLU_B	mixture_pool
LLU_B__GTGCTTCGTAGCGCAA	GTGCTTCGTAGCGCAA	LLU_B	mixture_pool
LLU_B__GTGGGTCAGACCCACC	GTGGGTCAGACCCACC	LLU_B	mixture_pool
LLU_B__GTGGGTCAGATAGCAT	GTGGGTCAGATAGCAT	LLU_B	reference
LLU_B__GTGGGTCCATCACAAC	GTGGGTCCATCACAAC	LLU_B	mixture_pool
LLU_B__GTGGGTCGTTCGTCTC	GTGGGTCGTTCGTCTC	LLU_B	mixture_pool
LLU_B__GTGGGTCTCAGAAATG	GTGGGTCTCAGAAATG	LLU_B	mixture_pool
LLU_B__GTGTGCGAGGCCGAAT	GTGTGCGAGGCCGAAT	LLU_B	reference
LLU_B__GTGTGCGAGTTCGCGC	GTGTGCGAGTTCGCGC	LLU_B	mixture_pool
LLU_B__GTGTGCGCAGTCGTGC	GTGTGCGCAGTCGTGC	LLU_B	mixture_pool
LLU_B__GTGTGCGGTCTAGAGG	GTGTGCGGTCTAGAGG	LLU_B	mixture_pool
LLU_B__GTGTGCGTCCAGTAGT	GTGTGCGTCCAGTAGT	LLU_B	mixture_pool
LLU_B__GTGTTAGCAGCTGGCT	GTGTTAGCAGCTGGCT	LLU_B	reference
LLU_B__GTGTTAGGTAAACCTC	GTGTTAGGTAAACCTC	LLU_B	mixture_pool
LLU_B__GTGTTAGGTACGAAAT	GTGTTAGGTACGAAAT	LLU_B	mixture_pool
LLU_B__GTTAAGCAGTGGGTTG	GTTAAGCAGTGGGTTG	LLU_B	mixture_pool
LLU_B__GTTAAGCCAAGGACAC	GTTAAGCCAAGGACAC	LLU_B	mixture_pool
LLU_B__GTTAAGCGTCTAGCCG	GTTAAGCGTCTAGCCG	LLU_B	mixture_pool
LLU_B__GTTAAGCGTTGGAGGT	GTTAAGCGTTGGAGGT	LLU_B	reference
LLU_B__GTTACAGAGCCCGAAA	GTTACAGAGCCCGAAA	LLU_B	mixture_pool
LLU_B__GTTACAGAGGCTAGGT	GTTACAGAGGCTAGGT	LLU_B	mixture_pool
LLU_B__GTTACAGTCCACGAAT	GTTACAGTCCACGAAT	LLU_B	mixture_pool
LLU_B__GTTACAGTCTCGAGTA	GTTACAGTCTCGAGTA	LLU_B	reference
LLU_B__GTTCATTCAGGACGTA	GTTCATTCAGGACGTA	LLU_B	mixture_pool
LLU_B__GTTCATTCAGTGGAGT	GTTCATTCAGTGGAGT	LLU_B	mixture_pool
LLU_B__GTTCATTGTGGCCCTA	GTTCATTGTGGCCCTA	LLU_B	reference
LLU_B__GTTCGGGAGGCTAGGT	GTTCGGGAGGCTAGGT	LLU_B	reference
LLU_B__GTTCGGGAGTGGCACA	GTTCGGGAGTGGCACA	LLU_B	mixture_pool
LLU_B__GTTCGGGCACTGTGTA	GTTCGGGCACTGTGTA	LLU_B	mixture_pool
LLU_B__GTTCGGGTCAATACCG	GTTCGGGTCAATACCG	LLU_B	reference
LLU_B__GTTCTCGAGAATTGTG	GTTCTCGAGAATTGTG	LLU_B	mixture_pool
LLU_B__GTTCTCGAGGAGCGTT	GTTCTCGAGGAGCGTT	LLU_B	mixture_pool
LLU_B__GTTCTCGCACATGACT	GTTCTCGCACATGACT	LLU_B	mixture_pool
LLU_B__GTTCTCGCACCCATGG	GTTCTCGCACCCATGG	LLU_B	mixture_pool
LLU_B__GTTCTCGGTAAAGTCA	GTTCTCGGTAAAGTCA	LLU_B	mixture_pool
LLU_B__GTTCTCGTCACCGGGT	GTTCTCGTCACCGGGT	LLU_B	mixture_pool
LLU_B__GTTCTCGTCATAGCAC	GTTCTCGTCATAGCAC	LLU_B	mixture_pool
LLU_B__GTTCTCGTCGCAAGCC	GTTCTCGTCGCAAGCC	LLU_B	mixture_pool
LLU_B__GTTTCTAAGGGATCTG	GTTTCTAAGGGATCTG	LLU_B	reference
LLU_B__GTTTCTACAACTGCGC	GTTTCTACAACTGCGC	LLU_B	mixture_pool
LLU_B__TAAACCGCATGAAGTA	TAAACCGCATGAAGTA	LLU_B	mixture_pool
LLU_B__TAAGAGAAGCCAGTTT	TAAGAGAAGCCAGTTT	LLU_B	mixture_pool
LLU_B__TAAGAGACATCAGTAC	TAAGAGACATCAGTAC	LLU_B	mixture_pool
LLU_B__TAAGCGTCAATGGACG	TAAGCGTCAATGGACG	LLU_B	mixture_pool
LLU_B__TAAGCGTCAGATCGGA	TAAGCGTCAGATCGGA	LLU_B	mixture_pool
LLU_B__TAAGCGTGTCCAGTTA	TAAGCGTGTCCAGTTA	LLU_B	mixture_pool
LLU_B__TAAGTGCAGCCAGTTT	TAAGTGCAGCCAGTTT	LLU_B	mixture_pool
LLU_B__TAAGTGCCACGCTTTC	TAAGTGCCACGCTTTC	LLU_B	mixture_pool
LLU_B__TAAGTGCCACGGATAG	TAAGTGCCACGGATAG	LLU_B	mixture_pool
LLU_B__TAAGTGCTCGCCCTTA	TAAGTGCTCGCCCTTA	LLU_B	mixture_pool
LLU_B__TACACGAAGATACACA	TACACGAAGATACACA	LLU_B	mixture_pool
LLU_B__TACACGAGTACATCCA	TACACGAGTACATCCA	LLU_B	reference
LLU_B__TACACGATCGTTTAGG	TACACGATCGTTTAGG	LLU_B	mixture_pool
LLU_B__TACAGTGAGGGCACTA	TACAGTGAGGGCACTA	LLU_B	mixture_pool
LLU_B__TACAGTGGTATAATGG	TACAGTGGTATAATGG	LLU_B	mixture_pool
LLU_B__TACCTATAGATCCCGC	TACCTATAGATCCCGC	LLU_B	reference
LLU_B__TACCTATAGGGCTTCC	TACCTATAGGGCTTCC	LLU_B	mixture_pool
LLU_B__TACCTATGTGCACTTA	TACCTATGTGCACTTA	LLU_B	mixture_pool
LLU_B__TACCTTACACGAAATA	TACCTTACACGAAATA	LLU_B	reference
LLU_B__TACGGATGTAAGCACG	TACGGATGTAAGCACG	LLU_B	mixture_pool
LLU_B__TACGGATGTGTTGGGA	TACGGATGTGTTGGGA	LLU_B	mixture_pool
LLU_B__TACGGATGTTCAGTAC	TACGGATGTTCAGTAC	LLU_B	mixture_pool
LLU_B__TACGGATTCTGGCGTG	TACGGATTCTGGCGTG	LLU_B	mixture_pool
LLU_B__TACGGGCAGGGATCTG	TACGGGCAGGGATCTG	LLU_B	mixture_pool
LLU_B__TACGGGCCACTAAGTC	TACGGGCCACTAAGTC	LLU_B	mixture_pool
LLU_B__TACGGGCGTAGCTGCC	TACGGGCGTAGCTGCC	LLU_B	mixture_pool
LLU_B__TACGGGCGTATCAGTC	TACGGGCGTATCAGTC	LLU_B	mixture_pool
LLU_B__TACGGGCTCACTCCTG	TACGGGCTCACTCCTG	LLU_B	mixture_pool
LLU_B__TACGGTACAAACGTGG	TACGGTACAAACGTGG	LLU_B	mixture_pool
LLU_B__TACTCATAGACCTTTG	TACTCATAGACCTTTG	LLU_B	mixture_pool
LLU_B__TACTCATCACCGCTAG	TACTCATCACCGCTAG	LLU_B	mixture_pool
LLU_B__TACTCATGTAGCCTAT	TACTCATGTAGCCTAT	LLU_B	mixture_pool
LLU_B__TACTCATGTCTTTCAT	TACTCATGTCTTTCAT	LLU_B	reference
LLU_B__TACTCATTCATCGCTC	TACTCATTCATCGCTC	LLU_B	reference
LLU_B__TACTCGCAGGCTAGGT	TACTCGCAGGCTAGGT	LLU_B	reference
LLU_B__TACTCGCAGTCGCCGT	TACTCGCAGTCGCCGT	LLU_B	mixture_pool
LLU_B__TACTCGCCAAACGTGG	TACTCGCCAAACGTGG	LLU_B	mixture_pool
LLU_B__TACTCGCTCGAGCCCA	TACTCGCTCGAGCCCA	LLU_B	reference
LLU_B__TACTTACCAATAGCGG	TACTTACCAATAGCGG	LLU_B	reference
LLU_B__TACTTACCACAACGTT	TACTTACCACAACGTT	LLU_B	mixture_pool
LLU_B__TACTTACGTATCACCA	TACTTACGTATCACCA	LLU_B	mixture_pool
LLU_B__TACTTACGTCGCTTTC	TACTTACGTCGCTTTC	LLU_B	reference
LLU_B__TACTTGTAGTGTCCAT	TACTTGTAGTGTCCAT	LLU_B	mixture_pool
LLU_B__TACTTGTTCGAATGCT	TACTTGTTCGAATGCT	LLU_B	mixture_pool
LLU_B__TACTTGTTCGTCCAGG	TACTTGTTCGTCCAGG	LLU_B	reference
LLU_B__TAGACCAAGCGTCAAG	TAGACCAAGCGTCAAG	LLU_B	mixture_pool
LLU_B__TAGACCAAGTAAGTAC	TAGACCAAGTAAGTAC	LLU_B	mixture_pool
LLU_B__TAGACCAGTGCCTGGT	TAGACCAGTGCCTGGT	LLU_B	mixture_pool
LLU_B__TAGACCAGTGTGAAAT	TAGACCAGTGTGAAAT	LLU_B	mixture_pool
LLU_B__TAGACCAGTGTTGAGG	TAGACCAGTGTTGAGG	LLU_B	mixture_pool
LLU_B__TAGACCATCATGCAAC	TAGACCATCATGCAAC	LLU_B	reference
LLU_B__TAGACCATCTGTTTGT	TAGACCATCTGTTTGT	LLU_B	reference
LLU_B__TAGAGCTAGTCTCCTC	TAGAGCTAGTCTCCTC	LLU_B	mixture_pool
LLU_B__TAGAGCTGTTCCATGA	TAGAGCTGTTCCATGA	LLU_B	mixture_pool
LLU_B__TAGAGCTGTTCCCGAG	TAGAGCTGTTCCCGAG	LLU_B	mixture_pool
LLU_B__TAGCCGGCATGGTTGT	TAGCCGGCATGGTTGT	LLU_B	reference
LLU_B__TAGCCGGCATTAGGCT	TAGCCGGCATTAGGCT	LLU_B	mixture_pool
LLU_B__TAGCCGGTCTTGTCAT	TAGCCGGTCTTGTCAT	LLU_B	reference
LLU_B__TAGGCATAGATATACG	TAGGCATAGATATACG	LLU_B	mixture_pool
LLU_B__TAGGCATCACCAACCG	TAGGCATCACCAACCG	LLU_B	mixture_pool
LLU_B__TAGGCATGTATATGAG	TAGGCATGTATATGAG	LLU_B	reference
LLU_B__TAGGCATGTCTGGAGA	TAGGCATGTCTGGAGA	LLU_B	mixture_pool
LLU_B__TAGTGGTGTCACCCAG	TAGTGGTGTCACCCAG	LLU_B	mixture_pool
LLU_B__TAGTGGTTCATTGCGA	TAGTGGTTCATTGCGA	LLU_B	mixture_pool
LLU_B__TAGTTGGAGTCTCAAC	TAGTTGGAGTCTCAAC	LLU_B	mixture_pool
LLU_B__TAGTTGGGTTATCACG	TAGTTGGGTTATCACG	LLU_B	mixture_pool
LLU_B__TAGTTGGTCTGTTGAG	TAGTTGGTCTGTTGAG	LLU_B	reference
LLU_B__TATCAGGAGAATGTTG	TATCAGGAGAATGTTG	LLU_B	mixture_pool
LLU_B__TATCAGGCATCGATTG	TATCAGGCATCGATTG	LLU_B	reference
LLU_B__TATCAGGCATTGTGCA	TATCAGGCATTGTGCA	LLU_B	mixture_pool
LLU_B__TATCAGGGTCTAGTCA	TATCAGGGTCTAGTCA	LLU_B	mixture_pool
LLU_B__TATCTCACAGTCAGCC	TATCTCACAGTCAGCC	LLU_B	mixture_pool
LLU_B__TATCTCAGTCGTCTTC	TATCTCAGTCGTCTTC	LLU_B	reference
LLU_B__TATCTCATCAACCAAC	TATCTCATCAACCAAC	LLU_B	mixture_pool
LLU_B__TATCTCATCCACGCAG	TATCTCATCCACGCAG	LLU_B	mixture_pool
LLU_B__TATCTCATCCCACTTG	TATCTCATCCCACTTG	LLU_B	mixture_pool
LLU_B__TATGCCCCAGGTGCCT	TATGCCCCAGGTGCCT	LLU_B	mixture_pool
LLU_B__TATGCCCGTACCGAGA	TATGCCCGTACCGAGA	LLU_B	mixture_pool
LLU_B__TATTACCCAATCTACG	TATTACCCAATCTACG	LLU_B	mixture_pool
LLU_B__TATTACCCAGACGCAA	TATTACCCAGACGCAA	LLU_B	mixture_pool
LLU_B__TATTACCGTTGCCTCT	TATTACCGTTGCCTCT	LLU_B	mixture_pool
LLU_B__TATTACCTCAGTGCAT	TATTACCTCAGTGCAT	LLU_B	mixture_pool
LLU_B__TCAACGAAGCTAGTGG	TCAACGAAGCTAGTGG	LLU_B	mixture_pool
LLU_B__TCAACGAGTCGCTTCT	TCAACGAGTCGCTTCT	LLU_B	mixture_pool
LLU_B__TCAATCTAGATCCCGC	TCAATCTAGATCCCGC	LLU_B	mixture_pool
LLU_B__TCAATCTCACTATCTT	TCAATCTCACTATCTT	LLU_B	reference
LLU_B__TCAATCTCAGTTAACC	TCAATCTCAGTTAACC	LLU_B	reference
LLU_B__TCAATCTGTTATGCGT	TCAATCTGTTATGCGT	LLU_B	mixture_pool
LLU_B__TCAATCTTCGCCAAAT	TCAATCTTCGCCAAAT	LLU_B	reference
LLU_B__TCACAAGGTACCTACA	TCACAAGGTACCTACA	LLU_B	mixture_pool
LLU_B__TCACAAGGTGAAGGCT	TCACAAGGTGAAGGCT	LLU_B	mixture_pool
LLU_B__TCACAAGGTTTCCACC	TCACAAGGTTTCCACC	LLU_B	mixture_pool
LLU_B__TCACAAGGTTTGACTG	TCACAAGGTTTGACTG	LLU_B	reference
LLU_B__TCACAAGTCGCGATCG	TCACAAGTCGCGATCG	LLU_B	mixture_pool
LLU_B__TCACGAACATGGTCTA	TCACGAACATGGTCTA	LLU_B	mixture_pool
LLU_B__TCACGAAGTATGAAAC	TCACGAAGTATGAAAC	LLU_B	mixture_pool
LLU_B__TCACGAATCTCTAGGA	TCACGAATCTCTAGGA	LLU_B	reference
LLU_B__TCAGATGAGTGCAAGC	TCAGATGAGTGCAAGC	LLU_B	mixture_pool
LLU_B__TCAGATGGTAAATGTG	TCAGATGGTAAATGTG	LLU_B	mixture_pool
LLU_B__TCAGATGGTAAGGGCT	TCAGATGGTAAGGGCT	LLU_B	mixture_pool
LLU_B__TCAGATGGTCGCGGTT	TCAGATGGTCGCGGTT	LLU_B	mixture_pool
LLU_B__TCAGATGGTGCTCTTC	TCAGATGGTGCTCTTC	LLU_B	reference
LLU_B__TCAGATGTCAGAGACG	TCAGATGTCAGAGACG	LLU_B	reference
LLU_B__TCAGCAATCTTCGAGA	TCAGCAATCTTCGAGA	LLU_B	mixture_pool
LLU_B__TCAGCTCAGCTCCTCT	TCAGCTCAGCTCCTCT	LLU_B	reference
LLU_B__TCAGCTCCAAGACGTG	TCAGCTCCAAGACGTG	LLU_B	reference
LLU_B__TCAGCTCCACCGGAAA	TCAGCTCCACCGGAAA	LLU_B	mixture_pool
LLU_B__TCAGCTCCACTGTCGG	TCAGCTCCACTGTCGG	LLU_B	mixture_pool
LLU_B__TCAGCTCCATTACGAC	TCAGCTCCATTACGAC	LLU_B	mixture_pool
LLU_B__TCAGGATGTGTGACCC	TCAGGATGTGTGACCC	LLU_B	reference
LLU_B__TCAGGATTCGTTGCCT	TCAGGATTCGTTGCCT	LLU_B	reference
LLU_B__TCAGGTAAGGGTTTCT	TCAGGTAAGGGTTTCT	LLU_B	reference
LLU_B__TCAGGTAAGTTCGCAT	TCAGGTAAGTTCGCAT	LLU_B	reference
LLU_B__TCAGGTAGTTAGTGGG	TCAGGTAGTTAGTGGG	LLU_B	mixture_pool
LLU_B__TCAGGTAGTTCCACAA	TCAGGTAGTTCCACAA	LLU_B	reference
LLU_B__TCATTACAGCGATGAC	TCATTACAGCGATGAC	LLU_B	mixture_pool
LLU_B__TCATTACGTAGCACGA	TCATTACGTAGCACGA	LLU_B	mixture_pool
LLU_B__TCATTACGTGCTGTAT	TCATTACGTGCTGTAT	LLU_B	reference
LLU_B__TCATTTGCACGCATCG	TCATTTGCACGCATCG	LLU_B	mixture_pool
LLU_B__TCCACACCAAGAGGCT	TCCACACCAAGAGGCT	LLU_B	mixture_pool
LLU_B__TCCACACCAAGTAGTA	TCCACACCAAGTAGTA	LLU_B	mixture_pool
LLU_B__TCCACACGTCAGAAGC	TCCACACGTCAGAAGC	LLU_B	reference
LLU_B__TCCACACTCACGAAGG	TCCACACTCACGAAGG	LLU_B	mixture_pool
LLU_B__TCCACACTCTTGTTTG	TCCACACTCTTGTTTG	LLU_B	mixture_pool
LLU_B__TCCCGATCATGTAGTC	TCCCGATCATGTAGTC	LLU_B	mixture_pool
LLU_B__TCCCGATTCTTGTACT	TCCCGATTCTTGTACT	LLU_B	mixture_pool
LLU_B__TCGAGGCAGGAATCGC	TCGAGGCAGGAATCGC	LLU_B	mixture_pool
LLU_B__TCGAGGCCAGGTCGTC	TCGAGGCCAGGTCGTC	LLU_B	reference
LLU_B__TCGAGGCGTACGACCC	TCGAGGCGTACGACCC	LLU_B	reference
LLU_B__TCGAGGCGTTCTCATT	TCGAGGCGTTCTCATT	LLU_B	mixture_pool
LLU_B__TCGAGGCTCTGCGACG	TCGAGGCTCTGCGACG	LLU_B	mixture_pool
LLU_B__TCGCGTTCACAGAGGT	TCGCGTTCACAGAGGT	LLU_B	reference
LLU_B__TCGCGTTCACTCTGTC	TCGCGTTCACTCTGTC	LLU_B	mixture_pool
LLU_B__TCGCGTTGTTCTGTTT	TCGCGTTGTTCTGTTT	LLU_B	mixture_pool
LLU_B__TCGCGTTTCACATGCA	TCGCGTTTCACATGCA	LLU_B	mixture_pool
LLU_B__TCGCGTTTCCAGAGGA	TCGCGTTTCCAGAGGA	LLU_B	reference
LLU_B__TCGGGACAGAAGGACA	TCGGGACAGAAGGACA	LLU_B	mixture_pool
LLU_B__TCGGTAAAGTGTCCAT	TCGGTAAAGTGTCCAT	LLU_B	mixture_pool
LLU_B__TCGGTAATCAGCATGT	TCGGTAATCAGCATGT	LLU_B	mixture_pool
LLU_B__TCGTACCAGACACTAA	TCGTACCAGACACTAA	LLU_B	reference
LLU_B__TCGTACCCAAGTTAAG	TCGTACCCAAGTTAAG	LLU_B	mixture_pool
LLU_B__TCGTACCCAGATCCAT	TCGTACCCAGATCCAT	LLU_B	mixture_pool
LLU_B__TCGTACCTCACCTTAT	TCGTACCTCACCTTAT	LLU_B	reference
LLU_B__TCGTAGACAAGGTGTG	TCGTAGACAAGGTGTG	LLU_B	mixture_pool
LLU_B__TCGTAGAGTTCATGGT	TCGTAGAGTTCATGGT	LLU_B	reference
LLU_B__TCTATTGGTGGCAAAC	TCTATTGGTGGCAAAC	LLU_B	reference
LLU_B__TCTCATAAGTACTTGC	TCTCATAAGTACTTGC	LLU_B	mixture_pool
LLU_B__TCTCATAAGTGACATA	TCTCATAAGTGACATA	LLU_B	mixture_pool
LLU_B__TCTCATACATTAACCG	TCTCATACATTAACCG	LLU_B	reference
LLU_B__TCTCATAGTAGGCATG	TCTCATAGTAGGCATG	LLU_B	reference
LLU_B__TCTCTAAAGAATGTTG	TCTCTAAAGAATGTTG	LLU_B	mixture_pool
LLU_B__TCTCTAAGTCAACTGT	TCTCTAAGTCAACTGT	LLU_B	mixture_pool
LLU_B__TCTCTAAGTTTCCACC	TCTCTAAGTTTCCACC	LLU_B	mixture_pool
LLU_B__TCTGAGAAGTGGTAGC	TCTGAGAAGTGGTAGC	LLU_B	reference
LLU_B__TCTGGAACATCCGGGT	TCTGGAACATCCGGGT	LLU_B	reference
LLU_B__TCTGGAAGTTCCGTCT	TCTGGAAGTTCCGTCT	LLU_B	mixture_pool
LLU_B__TCTGGAATCTCTAAGG	TCTGGAATCTCTAAGG	LLU_B	mixture_pool
LLU_B__TCTTCGGTCACATAGC	TCTTCGGTCACATAGC	LLU_B	mixture_pool
LLU_B__TCTTCGGTCTGCCAGG	TCTTCGGTCTGCCAGG	LLU_B	mixture_pool
LLU_B__TCTTTCCAGCACGCCT	TCTTTCCAGCACGCCT	LLU_B	mixture_pool
LLU_B__TCTTTCCCAAATTGCC	TCTTTCCCAAATTGCC	LLU_B	reference
LLU_B__TCTTTCCCACTTCGAA	TCTTTCCCACTTCGAA	LLU_B	reference
LLU_B__TCTTTCCCAGCTGCAC	TCTTTCCCAGCTGCAC	LLU_B	reference
LLU_B__TGAAAGAAGCCGTCGT	TGAAAGAAGCCGTCGT	LLU_B	reference
LLU_B__TGAAAGAAGCGTTCCG	TGAAAGAAGCGTTCCG	LLU_B	mixture_pool
LLU_B__TGAAAGAGTCTAGCGC	TGAAAGAGTCTAGCGC	LLU_B	mixture_pool
LLU_B__TGACAACAGACAGAGA	TGACAACAGACAGAGA	LLU_B	mixture_pool
LLU_B__TGACAACAGCGTGAGT	TGACAACAGCGTGAGT	LLU_B	mixture_pool
LLU_B__TGACAACCACGCCAGT	TGACAACCACGCCAGT	LLU_B	mixture_pool
LLU_B__TGACAACGTCAATACC	TGACAACGTCAATACC	LLU_B	mixture_pool
LLU_B__TGACGGCAGTTGTAGA	TGACGGCAGTTGTAGA	LLU_B	mixture_pool
LLU_B__TGACTAGAGGACACCA	TGACTAGAGGACACCA	LLU_B	mixture_pool
LLU_B__TGACTAGAGGTACTCT	TGACTAGAGGTACTCT	LLU_B	mixture_pool
LLU_B__TGACTAGGTACTTCTT	TGACTAGGTACTTCTT	LLU_B	mixture_pool
LLU_B__TGACTAGTCACTTACT	TGACTAGTCACTTACT	LLU_B	mixture_pool
LLU_B__TGACTTTAGCCGTCGT	TGACTTTAGCCGTCGT	LLU_B	reference
LLU_B__TGACTTTAGTAGGCCA	TGACTTTAGTAGGCCA	LLU_B	reference
LLU_B__TGACTTTTCAACACGT	TGACTTTTCAACACGT	LLU_B	reference
LLU_B__TGAGAGGAGAGACTAT	TGAGAGGAGAGACTAT	LLU_B	mixture_pool
LLU_B__TGAGAGGGTATATGAG	TGAGAGGGTATATGAG	LLU_B	mixture_pool
LLU_B__TGAGAGGTCTACTCAT	TGAGAGGTCTACTCAT	LLU_B	reference
LLU_B__TGAGCATAGATGTGTA	TGAGCATAGATGTGTA	LLU_B	mixture_pool
LLU_B__TGAGCATAGGGTGTGT	TGAGCATAGGGTGTGT	LLU_B	mixture_pool
LLU_B__TGAGCATCAGTAAGAT	TGAGCATCAGTAAGAT	LLU_B	reference
LLU_B__TGAGCATGTATCAGTC	TGAGCATGTATCAGTC	LLU_B	mixture_pool
LLU_B__TGAGCATGTTCGCGAC	TGAGCATGTTCGCGAC	LLU_B	mixture_pool
LLU_B__TGAGCATTCAGCTCGG	TGAGCATTCAGCTCGG	LLU_B	mixture_pool
LLU_B__TGAGCCGCACAACGTT	TGAGCCGCACAACGTT	LLU_B	mixture_pool
LLU_B__TGAGCCGCACCGAATT	TGAGCCGCACCGAATT	LLU_B	reference
LLU_B__TGAGCCGGTAGAAGGA	TGAGCCGGTAGAAGGA	LLU_B	mixture_pool
LLU_B__TGAGCCGTCCCATTTA	TGAGCCGTCCCATTTA	LLU_B	mixture_pool
LLU_B__TGATTTCGTCTGATCA	TGATTTCGTCTGATCA	LLU_B	mixture_pool
LLU_B__TGATTTCTCCTTTCGG	TGATTTCTCCTTTCGG	LLU_B	mixture_pool
LLU_B__TGATTTCTCGGTGTCG	TGATTTCTCGGTGTCG	LLU_B	reference
LLU_B__TGCACCTGTCTAAAGA	TGCACCTGTCTAAAGA	LLU_B	mixture_pool
LLU_B__TGCACCTGTGCCTGCA	TGCACCTGTGCCTGCA	LLU_B	mixture_pool
LLU_B__TGCCAAAAGACGCACA	TGCCAAAAGACGCACA	LLU_B	mixture_pool
LLU_B__TGCCAAAAGGATGCGT	TGCCAAAAGGATGCGT	LLU_B	mixture_pool
LLU_B__TGCCAAAAGGGTTTCT	TGCCAAAAGGGTTTCT	LLU_B	mixture_pool
LLU_B__TGCCAAAAGTGTTTGC	TGCCAAAAGTGTTTGC	LLU_B	mixture_pool
LLU_B__TGCCAAAGTCCGTCAG	TGCCAAAGTCCGTCAG	LLU_B	mixture_pool
LLU_B__TGCCAAAGTCTCACCT	TGCCAAAGTCTCACCT	LLU_B	mixture_pool
LLU_B__TGCCAAATCGCCCTTA	TGCCAAATCGCCCTTA	LLU_B	mixture_pool
LLU_B__TGCCCATCATCACCCT	TGCCCATCATCACCCT	LLU_B	mixture_pool
LLU_B__TGCCCATGTCGTCTTC	TGCCCATGTCGTCTTC	LLU_B	reference
LLU_B__TGCCCATGTGCGCTTG	TGCCCATGTGCGCTTG	LLU_B	mixture_pool
LLU_B__TGCCCATGTTCTGAAC	TGCCCATGTTCTGAAC	LLU_B	mixture_pool
LLU_B__TGCCCATGTTGCTCCT	TGCCCATGTTGCTCCT	LLU_B	mixture_pool
LLU_B__TGCCCTAAGACGACGT	TGCCCTAAGACGACGT	LLU_B	mixture_pool
LLU_B__TGCCCTATCCCGACTT	TGCCCTATCCCGACTT	LLU_B	mixture_pool
LLU_B__TGCGCAGGTAGGAGTC	TGCGCAGGTAGGAGTC	LLU_B	reference
LLU_B__TGCGCAGGTTGGACCC	TGCGCAGGTTGGACCC	LLU_B	mixture_pool
LLU_B__TGCGCAGTCAACACTG	TGCGCAGTCAACACTG	LLU_B	mixture_pool
LLU_B__TGCGCAGTCGTAGATC	TGCGCAGTCGTAGATC	LLU_B	mixture_pool
LLU_B__TGCGCAGTCGTCCAGG	TGCGCAGTCGTCCAGG	LLU_B	mixture_pool
LLU_B__TGCGGGTCACCTTGTC	TGCGGGTCACCTTGTC	LLU_B	mixture_pool
LLU_B__TGCGTGGCAGCTCGCA	TGCGTGGCAGCTCGCA	LLU_B	reference
LLU_B__TGCGTGGGTCCAACTA	TGCGTGGGTCCAACTA	LLU_B	mixture_pool
LLU_B__TGCGTGGGTTCGTTGA	TGCGTGGGTTCGTTGA	LLU_B	reference
LLU_B__TGCTACCGTAGCGCAA	TGCTACCGTAGCGCAA	LLU_B	mixture_pool
LLU_B__TGCTGCTAGTTTCCTT	TGCTGCTAGTTTCCTT	LLU_B	mixture_pool
LLU_B__TGCTGCTCACCAGGCT	TGCTGCTCACCAGGCT	LLU_B	mixture_pool
LLU_B__TGGACGCAGAAGGTTT	TGGACGCAGAAGGTTT	LLU_B	mixture_pool
LLU_B__TGGACGCAGCACACAG	TGGACGCAGCACACAG	LLU_B	mixture_pool
LLU_B__TGGACGCGTTCAGTAC	TGGACGCGTTCAGTAC	LLU_B	mixture_pool
LLU_B__TGGCCAGAGACTACAA	TGGCCAGAGACTACAA	LLU_B	mixture_pool
LLU_B__TGGCCAGAGCCTTGAT	TGGCCAGAGCCTTGAT	LLU_B	mixture_pool
LLU_B__TGGCGCAAGGAACTGC	TGGCGCAAGGAACTGC	LLU_B	mixture_pool
LLU_B__TGGCTGGAGAATCTCC	TGGCTGGAGAATCTCC	LLU_B	reference
LLU_B__TGGCTGGCAAGCGTAG	TGGCTGGCAAGCGTAG	LLU_B	mixture_pool
LLU_B__TGGCTGGCACGAAAGC	TGGCTGGCACGAAAGC	LLU_B	mixture_pool
LLU_B__TGGCTGGGTACAGCAG	TGGCTGGGTACAGCAG	LLU_B	mixture_pool
LLU_B__TGGCTGGTCAGCCTAA	TGGCTGGTCAGCCTAA	LLU_B	mixture_pool
LLU_B__TGGCTGGTCGTACCGG	TGGCTGGTCGTACCGG	LLU_B	mixture_pool
LLU_B__TGGGAAGAGGCTAGGT	TGGGAAGAGGCTAGGT	LLU_B	mixture_pool
LLU_B__TGGGAAGAGTCCAGGA	TGGGAAGAGTCCAGGA	LLU_B	reference
LLU_B__TGGGAAGTCGGCGCAT	TGGGAAGTCGGCGCAT	LLU_B	mixture_pool
LLU_B__TGGGCGTAGAAACGAG	TGGGCGTAGAAACGAG	LLU_B	mixture_pool
LLU_B__TGGGCGTCATAAAGGT	TGGGCGTCATAAAGGT	LLU_B	mixture_pool
LLU_B__TGGGCGTGTGAAAGAG	TGGGCGTGTGAAAGAG	LLU_B	reference
LLU_B__TGGTTAGAGGAATCGC	TGGTTAGAGGAATCGC	LLU_B	mixture_pool
LLU_B__TGGTTAGGTAGTACCT	TGGTTAGGTAGTACCT	LLU_B	mixture_pool
LLU_B__TGGTTCCCATGGAATA	TGGTTCCCATGGAATA	LLU_B	mixture_pool
LLU_B__TGGTTCCGTTGCTCCT	TGGTTCCGTTGCTCCT	LLU_B	reference
LLU_B__TGTATTCGTGCTGTAT	TGTATTCGTGCTGTAT	LLU_B	mixture_pool
LLU_B__TGTATTCTCCCTCAGT	TGTATTCTCCCTCAGT	LLU_B	reference
LLU_B__TGTCCCAAGACAGACC	TGTCCCAAGACAGACC	LLU_B	mixture_pool
LLU_B__TGTCCCACAGTATAAG	TGTCCCACAGTATAAG	LLU_B	mixture_pool
LLU_B__TGTCCCAGTCAATACC	TGTCCCAGTCAATACC	LLU_B	mixture_pool
LLU_B__TGTCCCATCCTTTACA	TGTCCCATCCTTTACA	LLU_B	reference
LLU_B__TGTGGTACAAGCCTAT	TGTGGTACAAGCCTAT	LLU_B	mixture_pool
LLU_B__TGTGGTACACCCATGG	TGTGGTACACCCATGG	LLU_B	mixture_pool
LLU_B__TGTGGTATCGGATGTT	TGTGGTATCGGATGTT	LLU_B	reference
LLU_B__TGTGTTTAGAGTAAGG	TGTGTTTAGAGTAAGG	LLU_B	mixture_pool
LLU_B__TGTGTTTAGCACGCCT	TGTGTTTAGCACGCCT	LLU_B	mixture_pool
LLU_B__TGTGTTTCAGCTTAAC	TGTGTTTCAGCTTAAC	LLU_B	mixture_pool
LLU_B__TGTGTTTGTTGCGTTA	TGTGTTTGTTGCGTTA	LLU_B	mixture_pool
LLU_B__TGTGTTTTCACTCTTA	TGTGTTTTCACTCTTA	LLU_B	mixture_pool
LLU_B__TGTTCCGGTCAGCTAT	TGTTCCGGTCAGCTAT	LLU_B	mixture_pool
LLU_B__TGTTCCGTCACAACGT	TGTTCCGTCACAACGT	LLU_B	mixture_pool
LLU_B__TGTTCCGTCCGAACGC	TGTTCCGTCCGAACGC	LLU_B	mixture_pool
LLU_B__TTAACTCCACATCTTT	TTAACTCCACATCTTT	LLU_B	mixture_pool
LLU_B__TTAGGACAGAATCTCC	TTAGGACAGAATCTCC	LLU_B	reference
LLU_B__TTAGGACCAATCTGCA	TTAGGACCAATCTGCA	LLU_B	mixture_pool
LLU_B__TTAGGACGTCTCTCTG	TTAGGACGTCTCTCTG	LLU_B	reference
LLU_B__TTAGGACTCCCTAACC	TTAGGACTCCCTAACC	LLU_B	reference
LLU_B__TTAGGACTCGCGTTTC	TTAGGACTCGCGTTTC	LLU_B	mixture_pool
LLU_B__TTAGGCAAGATATGGT	TTAGGCAAGATATGGT	LLU_B	mixture_pool
LLU_B__TTAGGCACATGGTCAT	TTAGGCACATGGTCAT	LLU_B	mixture_pool
LLU_B__TTAGGCAGTACTCTCC	TTAGGCAGTACTCTCC	LLU_B	mixture_pool
LLU_B__TTAGGCAGTTTGTGTG	TTAGGCAGTTTGTGTG	LLU_B	mixture_pool
LLU_B__TTAGGCATCATCGATG	TTAGGCATCATCGATG	LLU_B	reference
LLU_B__TTAGGCATCGGAAACG	TTAGGCATCGGAAACG	LLU_B	reference
LLU_B__TTAGTTCAGTAGCCGA	TTAGTTCAGTAGCCGA	LLU_B	mixture_pool
LLU_B__TTAGTTCCAAAGCAAT	TTAGTTCCAAAGCAAT	LLU_B	reference
LLU_B__TTCCCAGAGACAGGCT	TTCCCAGAGACAGGCT	LLU_B	mixture_pool
LLU_B__TTCCCAGCACAGATTC	TTCCCAGCACAGATTC	LLU_B	reference
LLU_B__TTCGAAGAGGTGTGGT	TTCGAAGAGGTGTGGT	LLU_B	mixture_pool
LLU_B__TTCGAAGCAACTGGCC	TTCGAAGCAACTGGCC	LLU_B	mixture_pool
LLU_B__TTCGAAGTCCTAGGGC	TTCGAAGTCCTAGGGC	LLU_B	mixture_pool
LLU_B__TTCGAAGTCCTCATTA	TTCGAAGTCCTCATTA	LLU_B	mixture_pool
LLU_B__TTCGGTCAGTGGTAAT	TTCGGTCAGTGGTAAT	LLU_B	mixture_pool
LLU_B__TTCGGTCCAGTGACAG	TTCGGTCCAGTGACAG	LLU_B	mixture_pool
LLU_B__TTCGGTCTCATCGCTC	TTCGGTCTCATCGCTC	LLU_B	mixture_pool
LLU_B__TTCTACAAGAGGTTAT	TTCTACAAGAGGTTAT	LLU_B	mixture_pool
LLU_B__TTCTACAAGTTAAGTG	TTCTACAAGTTAAGTG	LLU_B	mixture_pool
LLU_B__TTCTACACATCGGGTC	TTCTACACATCGGGTC	LLU_B	mixture_pool
LLU_B__TTCTACAGTACGCACC	TTCTACAGTACGCACC	LLU_B	reference
LLU_B__TTCTACAGTGTTAAGA	TTCTACAGTGTTAAGA	LLU_B	mixture_pool
LLU_B__TTCTACATCTCCTATA	TTCTACATCTCCTATA	LLU_B	reference
LLU_B__TTCTCAACAAGTTGTC	TTCTCAACAAGTTGTC	LLU_B	mixture_pool
LLU_B__TTCTCAAGTGGTCTCG	TTCTCAAGTGGTCTCG	LLU_B	mixture_pool
LLU_B__TTCTTAGCACGTTGGC	TTCTTAGCACGTTGGC	LLU_B	mixture_pool
LLU_B__TTGAACGAGGCTCTTA	TTGAACGAGGCTCTTA	LLU_B	reference
LLU_B__TTGAACGTCAGGCGAA	TTGAACGTCAGGCGAA	LLU_B	mixture_pool
LLU_B__TTGACTTAGTGAACAT	TTGACTTAGTGAACAT	LLU_B	mixture_pool
LLU_B__TTGACTTTCCAAAGTC	TTGACTTTCCAAAGTC	LLU_B	reference
LLU_B__TTGCCGTGTTCGGGCT	TTGCCGTGTTCGGGCT	LLU_B	mixture_pool
LLU_B__TTGCCGTTCTTTAGTC	TTGCCGTTCTTTAGTC	LLU_B	reference
LLU_B__TTGCGTCGTTGGACCC	TTGCGTCGTTGGACCC	LLU_B	mixture_pool
LLU_B__TTGCGTCTCACGATGT	TTGCGTCTCACGATGT	LLU_B	mixture_pool
LLU_B__TTGCGTCTCCCAAGTA	TTGCGTCTCCCAAGTA	LLU_B	reference
LLU_B__TTGGAACAGAAGAAGC	TTGGAACAGAAGAAGC	LLU_B	reference
LLU_B__TTGGAACGTAGGCATG	TTGGAACGTAGGCATG	LLU_B	mixture_pool
LLU_B__TTGGAACGTCTTCGTC	TTGGAACGTCTTCGTC	LLU_B	mixture_pool
LLU_B__TTGGAACGTGGAAAGA	TTGGAACGTGGAAAGA	LLU_B	mixture_pool
LLU_B__TTGGAACGTGGACGAT	TTGGAACGTGGACGAT	LLU_B	mixture_pool
LLU_B__TTGGAACTCAGCGATT	TTGGAACTCAGCGATT	LLU_B	reference
LLU_B__TTGGAACTCCAGTATG	TTGGAACTCCAGTATG	LLU_B	reference
LLU_B__TTGGAACTCCGTCAAA	TTGGAACTCCGTCAAA	LLU_B	mixture_pool
LLU_B__TTGGCAAAGCTAGTTC	TTGGCAAAGCTAGTTC	LLU_B	mixture_pool
LLU_B__TTGTAGGTCGGATGTT	TTGTAGGTCGGATGTT	LLU_B	mixture_pool
LLU_B__TTTACTGCATGCATGT	TTTACTGCATGCATGT	LLU_B	mixture_pool
LLU_B__TTTACTGTCTGTTTGT	TTTACTGTCTGTTTGT	LLU_B	mixture_pool
LLU_B__TTTATGCAGCTTCGCG	TTTATGCAGCTTCGCG	LLU_B	mixture_pool
LLU_B__TTTCCTCCATCCCACT	TTTCCTCCATCCCACT	LLU_B	mixture_pool
LLU_B__TTTCCTCGTTGTCGCG	TTTCCTCGTTGTCGCG	LLU_B	reference
LLU_B__TTTCCTCGTTGTCTTT	TTTCCTCGTTGTCTTT	LLU_B	reference
LLU_B__TTTCCTCTCAGCGATT	TTTCCTCTCAGCGATT	LLU_B	mixture_pool
LLU_B__TTTCCTCTCTAACTCT	TTTCCTCTCTAACTCT	LLU_B	mixture_pool
LLU_B__TTTGCGCCACACCGCA	TTTGCGCCACACCGCA	LLU_B	mixture_pool
LLU_B__TTTGCGCCATGCAACT	TTTGCGCCATGCAACT	LLU_B	mixture_pool
LLU_B__TTTGCGCGTAGCGATG	TTTGCGCGTAGCGATG	LLU_B	mixture_pool
LLU_B__TTTGCGCTCGGTTAAC	TTTGCGCTCGGTTAAC	LLU_B	mixture_pool
LLU_B__TTTGGTTAGCTTATCG	TTTGGTTAGCTTATCG	LLU_B	mixture_pool
LLU_B__TTTGGTTTCGTCTGAA	TTTGGTTTCGTCTGAA	LLU_B	reference
LLU_B__TTTGTCACAACACGCC	TTTGTCACAACACGCC	LLU_B	mixture_pool
LLU_B__TTTGTCATCGGATGGA	TTTGTCATCGGATGGA	LLU_B	mixture_pool
